station,time,schools,tech,traffic,comb_score
23 ST,16,8,31,179697.886665,0.784916312047
GRD CNTRL-42 ST,16,7,9,238559.548446,0.754120501004
34 ST-HERALD SQ,16,7,12,201416.844444,0.689321728635
34 ST-PENN STA,8,7,12,196193.557343,0.677487413308
34 ST-PENN STA,16,7,12,177995.483784,0.636256338569
23 ST,12,8,31,104723.3,0.615047629177
23 ST,8,8,31,72491.219464,0.54201993659
23 ST,20,8,31,69059.9,0.534245652746
TIMES SQ-42 ST,16,6,6,158561.8,0.531293862508
GRD CNTRL-42 ST,12,7,9,128245.76107,0.504184374678
34 ST-PENN STA,12,7,12,119645.981081,0.504054833884
34 ST-PENN STA,4,7,12,110101.275676,0.48242955247
47-50 STS ROCK,16,6,3,140757.6,0.471600341879
14 ST-UNION SQ,16,5,7,137026.827247,0.466731821054
28 ST,16,9,14,75187.622619,0.460673935558
34 ST-HERALD SQ,12,7,12,96688.4222222,0.452040271901
GRD CNTRL-42 ST,8,7,9,100558.005284,0.441452683632
23 ST,4,8,31,23210.25,0.430364857907
34 ST-HERALD SQ,8,7,12,83445.6,0.422036228286
28 ST,12,9,14,50082.8256403,0.403794411626
GRD CNTRL-42 ST,20,7,9,82445.5785714,0.40041565754
23 ST,0,8,31,8472.55,0.396973894396
34 ST-PENN STA,20,7,12,70440.5972973,0.392571008428
34 ST-HERALD SQ,20,7,12,69032.0266667,0.389379633211
42 ST-BRYANT PK,16,6,6,94327.0,0.385758136928
42 ST-PORT AUTH,8,6,6,93299.9402903,0.383431144704
FULTON ST,16,3,0,136813.965605,0.37664380918
14 ST-UNION SQ,12,5,7,95031.4050564,0.371583486512
33 ST,16,9,11,42447.1812417,0.367139619498
28 ST,20,9,14,31084.8202381,0.360750944521
42 ST-PORT AUTH,16,6,6,83128.75,0.360386446832
59 ST COLUMBUS,16,4,1,116886.8,0.360168994272
28 ST,8,9,14,30241.5194231,0.358840291791
33 ST,12,9,11,32401.5390364,0.344379373848
14 ST-UNION SQ,20,5,7,79961.0434064,0.337438816995
TIMES SQ-42 ST,20,6,6,72361.2,0.335990586613
GRD CNTRL-42 ST,4,7,9,53271.4928571,0.334316413321
TIMES SQ-42 ST,12,6,6,71131.8,0.333205155335
WALL ST,16,1,15,94387.2629865,0.332848078799
LEXINGTON AV/53,16,5,2,91988.0,0.332430029419
14 ST,16,5,2,90814.9,0.329772156122
28 ST,4,9,14,12585.6047619,0.318837577514
CHAMBERS ST,16,1,1,126600.392467,0.315510253647
33 ST,8,9,11,19568.9825705,0.315304862581
33 ST,20,9,11,18512.0788462,0.312910253267
42 ST-PORT AUTH,4,6,6,61936.1,0.312370609704
42 ST-PORT AUTH,12,6,6,61197.85,0.310697968871
28 ST,0,9,14,5293.65714286,0.302316332214
33 ST,4,9,11,10499.0923077,0.294755361994
CANAL ST,16,1,3,111554.075,0.294323286445
34 ST-HERALD SQ,4,7,12,25701.4,0.291206147939
86 ST,16,0,0,126616.55,0.286873026377
42 ST-PORT AUTH,20,6,6,49453.7,0.28408944216
59 ST,16,0,0,124666.6,0.282455056864
TIMES SQ-42 ST,8,6,6,47630.9289932,0.279959619991
33 ST,0,9,11,3054.46538462,0.277888193716
34 ST-HUDSON YD,16,7,12,15033.6,0.267036289648
14 ST-UNION SQ,8,5,7,47662.5570882,0.264260669925
34 ST-PENN STA,0,7,12,13575.172973,0.263731955617
FULTON ST,12,3,0,86515.8291682,0.262684152082
5 AV/53 ST,16,6,5,42180.3,0.26115860699
18 ST,16,8,7,14633.8,0.256094627096
125 ST,16,3,0,83598.575,0.256074577489
47-50 STS ROCK,12,6,3,45365.7333333,0.255472564882
34 ST-HUDSON YD,12,7,12,9542.8,0.254595874764
34 ST-HERALD SQ,0,7,12,8921.6,0.253188432182
14 ST,12,5,2,55733.45,0.250288694195
51 ST,16,6,3,42615.4984629,0.249241403154
42 ST-BRYANT PK,12,6,6,33654.0,0.248292322787
59 ST COLUMBUS,12,4,1,67402.1,0.248052326677
49 ST,16,6,1,46631.5,0.24543716571
34 ST-HUDSON YD,8,7,12,4662.2,0.243537979942
18 ST,12,8,7,8598.6,0.242420774122
34 ST-HUDSON YD,20,7,12,3613.0,0.241160824829
86 ST,8,0,0,105810.983317,0.239734197529
BOWLING GREEN,16,1,12,61480.8,0.238937610321
5 AV/53 ST,12,6,5,32078.2250743,0.238270502657
GRD CNTRL-42 ST,0,7,9,10552.4357143,0.237528551019
18 ST,8,8,7,6077.2,0.236708079781
34 ST-HUDSON YD,4,7,12,1265.2,0.235841453141
34 ST-HUDSON YD,0,7,12,598.2,0.234330242256
125 ST,12,3,0,73591.925,0.233402675835
42 ST-BRYANT PK,20,6,6,27002.2,0.233221449376
18 ST,20,8,7,4291.6,0.232662475348
WALL ST,12,1,15,49448.8087672,0.231031765192
18 ST,4,8,7,1206.4,0.225672388658
14 ST,20,5,2,44303.05,0.224391025678
18 ST,0,8,7,479.0,0.22402433049
B'WAY-LAFAYETTE,16,2,14,38770.45,0.222608593396
47-50 STS ROCK,20,6,3,30333.6,0.221414508631
14 ST-UNION SQ,4,5,7,28348.75,0.220501696155
125 ST,8,3,0,67092.0948011,0.218676117892
TIMES SQ-42 ST,4,6,6,19626.0,0.216509314847
86 ST,12,0,0,95090.1,0.215444069243
PRINCE ST,16,2,15,28106.4,0.204898844321
42 ST-PORT AUTH,0,6,6,14479.2,0.204848295082
14 ST,8,5,2,35616.25,0.204709486372
TIMES SQ-42 ST,0,6,6,14409.4,0.204690150374
LEXINGTON AV/53,12,5,2,35196.1,0.203757559456
5 AV/53 ST,20,6,5,16841.1,0.203748000004
59 ST COLUMBUS,20,4,1,47755.2,0.203538669798
72 ST,16,3,0,59455.45,0.201373897879
42 ST-BRYANT PK,8,6,6,12904.4,0.201280296728
51 ST,12,6,3,20514.4075648,0.199167326486
14 ST-UNION SQ,0,5,7,18618.82,0.198456754435
JAY ST-METROTEC,16,2,0,67971.3,0.19844589637
68ST-HUNTER CO,16,4,1,42183.95,0.190915980677
49 ST,20,6,1,21967.4,0.189556121645
CANAL ST,12,1,3,64415.1018242,0.187521293378
CHAMBERS ST,12,1,1,69436.9415466,0.185995966899
49 ST,12,6,1,20145.8,0.185428952607
59 ST COLUMBUS,8,4,1,39695.7,0.185278393744
6 AV,16,6,6,5607.0,0.184746698058
8 ST-NYU,16,4,6,24949.2,0.184125556735
50 ST,16,0,0,81137.4418721,0.183831762138
68ST-HUNTER CO,12,4,1,38970.5839836,0.18363551036
47-50 STS ROCK,8,6,3,13575.6666667,0.18344633582
B'WAY-LAFAYETTE,12,2,14,21138.2751249,0.182659665961
5 AV/53 ST,8,6,5,7517.90066162,0.182624581227
5 AVE,16,5,1,28555.8,0.182261128501
42 ST-BRYANT PK,0,6,6,4131.8,0.18140436178
51 ST,8,6,3,11953.4968119,0.179771012369
96 ST,16,0,0,79344.1,0.179768617074
42 ST-BRYANT PK,4,6,6,2854.8,0.178511083968
51 ST,20,6,3,11253.1858953,0.17818432949
6 AV,20,6,6,2597.6,0.177928350176
6 AV,12,6,6,2439.6,0.177570372185
B'WAY-LAFAYETTE,20,2,14,18389.15,0.176431018564
W 4 ST-WASH SQ,16,2,2,52311.15,0.175868178935
6 AV,8,6,6,1556.8,0.175570226804
RECTOR ST,16,1,14,27606.0,0.175091261179
72 ST,12,3,0,47835.9998876,0.175047901644
PRINCE ST,12,2,15,14820.0,0.174796067254
BOWLING GREEN,12,1,12,33093.6,0.17462120007
WALL ST,8,1,15,24415.7757139,0.174314835601
6 AV,4,6,6,703.6,0.173637145653
6 AV,0,6,6,293.6,0.172708215424
FULTON ST,20,3,0,46502.5833333,0.172026801777
49 ST,8,6,1,13998.2,0.171500436809
5 AV/53 ST,4,6,5,1306.2,0.168550833619
5 AV/53 ST,0,6,5,1188.1,0.168283256399
LEXINGTON AV/53,8,5,2,19207.6,0.167532679041
LEXINGTON AV/53,20,5,2,19180.0,0.167470146177
96 ST,12,0,0,73910.1255914,0.167456950994
WALL ST,20,1,15,20659.1389594,0.165803485744
FULTON ST,8,3,0,43569.6738485,0.165381757192
47-50 STS ROCK,0,6,3,5251.6,0.164586635438
FLUSHING-MAIN,8,0,0,72638.2,0.164575170186
PRINCE ST,20,2,15,10124.2,0.164156870741
SPRING ST,16,1,7,42384.0,0.163412241411
8 ST-NYU,12,4,6,15539.2746888,0.162805644354
BOROUGH HALL,16,2,0,51761.0,0.161718487358
125 ST,4,3,0,41284.35,0.160203936688
ASTOR PL,16,4,5,16990.0,0.159640915831
8 ST-NYU,20,4,6,13785.6,0.158832372572
47-50 STS ROCK,4,6,3,2638.2,0.158665498216
8 ST-NYU,8,4,6,13333.8,0.157808736773
51 ST,4,6,3,2051.37115729,0.157335929798
51 ST,0,6,3,1878.7635925,0.156944855688
14TH STREET,16,5,2,14312.0596811,0.156440934186
1 AV,16,4,0,29681.0,0.156136640434
PRINCE ST,8,2,15,6219.6,0.155310283002
72 ST,8,3,0,39036.2965116,0.155110559024
ASTOR PL,12,4,5,14026.55,0.152926676104
B'WAY-LAFAYETTE,8,2,14,7879.51167123,0.15261950456
ATL AV-BARCLAY,16,2,0,47666.0,0.152440513484
14 ST,4,5,2,11772.85,0.150687888745
59 ST,12,0,0,66262.0,0.150128719143
BOWLING GREEN,8,1,12,22173.4,0.149879483267
125 ST,20,3,0,36467.9,0.149291385462
96 ST,8,0,0,65888.5883268,0.149282686482
49 ST,0,6,1,3316.8,0.147299765223
ATL AV-BARCLAY,8,2,0,45340.6,0.147171893105
JAY ST-METROTEC,12,2,0,45331.2,0.147150595681
BLEECKER ST,16,1,12,20669.0,0.146470989031
ASTOR PL,8,4,5,11154.95,0.146420539406
RECTOR ST,12,1,14,14910.6,0.146327503052
49 ST,4,6,1,2594.4,0.145663035472
3 AV-149 ST,12,4,0,25026.9,0.145591922922
ASTOR PL,20,4,5,10269.3,0.144413936827
PRINCE ST,4,2,15,877.0,0.14320564241
RECTOR ST,8,1,14,13484.6,0.143096638401
PRINCE ST,0,2,15,757.2,0.142934213528
W 4 ST-WASH SQ,20,2,2,37700.45,0.142764957227
BROAD ST,16,1,14,13221.65,0.142500876929
14 ST,0,5,2,8106.3,0.142380646959
B'WAY-LAFAYETTE,0,2,14,3227.025,0.142078442341
B'WAY-LAFAYETTE,4,2,14,3157.325,0.141920524202
3 AV-149 ST,8,4,0,23211.2,0.141478121417
5 AVE,12,5,1,10459.8,0.14126132014
14TH STREET,20,5,2,7596.24243002,0.141225017946
3 AV-149 ST,16,4,0,22745.0,0.140421859776
68ST-HUNTER CO,8,4,1,19770.65,0.140134537003
14TH STREET,12,5,2,7013.07100229,0.139903736073
ASTOR PL,4,4,5,7992.95,0.139256448224
FORDHAM RD,8,4,0,22183.6,0.139149905067
WALL ST,4,1,15,8336.55757185,0.13788441659
FORDHAM RD,12,4,0,21360.6,0.137285247558
FORDHAM RD,16,4,0,21282.8,0.137108977383
FORDHAM RD,4,4,0,21072.0,0.136631371304
5 AVE,20,5,1,8136.0,0.135996324856
14TH STREET,8,5,2,4916.38522541,0.135153309733
LEXINGTON AV/63,16,3,2,24527.4,0.135141217605
JKSN HT-ROOSVLT,8,0,0,59436.6,0.134664523078
CANAL ST,20,1,3,40995.6416428,0.134460209196
8 ST-NYU,4,4,6,2941.2,0.134262394577
1 AV,12,4,0,20016.0333333,0.134238885066
W 4 ST-WASH SQ,12,2,2,33933.25,0.134229674399
LEXINGTON AV/53,4,5,2,4328.8,0.133822027591
ROOSEVELT ISLND,8,5,0,9550.2,0.132748841538
1 AV,8,4,0,19240.2666667,0.13248124334
66 ST-LINCOLN,16,3,0,28929.1,0.132210850799
68ST-HUNTER CO,20,4,1,16133.45,0.131893793028
BOROUGH HALL,12,2,0,38478.6,0.131624773025
8 ST-NYU,0,4,6,1763.2,0.131593419431
72 ST,20,3,0,28459.7,0.13114733897
14TH STREET,4,5,2,2945.35568021,0.130687580642
BROAD ST,12,1,14,7880.35,0.130399181726
3 AV-149 ST,4,4,0,17789.9,0.129195171535
LEXINGTON AV/53,0,5,2,1733.8,0.127942578945
14TH STREET,0,5,2,1675.99851221,0.127811619069
ATL AV-BARCLAY,12,2,0,36732.0,0.127667530249
BOROUGH HALL,8,2,0,36698.0,0.12759049701
BLEECKER ST,8,1,12,12310.0,0.127532140772
CORTLANDT ST,16,1,10,17936.7,0.127377236236
DEKALB AV,8,2,0,36550.3125,0.12725588388
ASTOR PL,0,4,5,2569.8,0.126969306827
BLEECKER ST,12,1,12,11727.4,0.126212153574
1 AV,20,4,0,16376.6666667,0.12599323211
5 AVE,8,5,1,3557.4,0.125622666447
57 ST,16,3,0,25783.8,0.125084596531
BLEECKER ST,20,1,12,10845.6,0.124214273876
WALL ST,0,1,15,2252.96493227,0.124100921212
ROOSEVELT ISLND,16,5,0,5700.4,0.124026413254
66 ST-LINCOLN,12,3,0,25312.333334,0.124016402291
RECTOR ST,20,1,14,5046.6,0.123978801147
ROOSEVELT ISLND,12,5,0,5648.0,0.12390769144
116 ST,12,2,0,35055.7908301,0.123869770813
BROAD ST,20,1,14,4899.7,0.123645972243
145 ST,8,1,0,44658.0,0.123403115336
BOWLING GREEN,20,1,12,9959.2,0.122205972034
CHAMBERS ST,8,1,1,40933.8906262,0.121417075131
72 ST,4,3,0,24022.1,0.121093141933
FLUSHING-MAIN,4,0,0,53386.1,0.120956005147
BOWLING GREEN,4,1,12,9401.2,0.120941720649
RECTOR ST,4,1,14,3166.2,0.11971840992
5 AVE,0,5,1,936.0,0.119683403757
116 ST,16,2,0,33050.6,0.119326643064
5 AVE,4,5,1,619.6,0.118966541502
59 ST COLUMBUS,4,4,1,10276.4,0.118623571567
SPRING ST,12,1,7,22610.2,0.118611069298
135 ST,8,3,0,22827.8344493,0.118387314197
68ST-HUNTER CO,4,4,1,10013.4,0.11802769681
ROOSEVELT ISLND,4,5,0,3046.6,0.118013742419
BROAD ST,8,1,14,2341.4,0.117849674181
59 ST,8,0,0,51865.5,0.117510806838
116 ST,8,2,0,32072.9079948,0.117111502433
103 ST,12,2,0,31600.2951471,0.116040711309
ROOSEVELT ISLND,20,5,0,2089.0,0.115844123913
KINGSBRIDGE RD,4,3,0,21333.35,0.115001285461
103 ST,8,2,0,31114.871298,0.11494089451
BROAD ST,4,1,14,927.9,0.114647130574
CORTLANDT ST,12,1,10,12141.6542166,0.114247496705
86 ST,4,0,0,50301.25,0.113966711445
BROAD ST,0,1,14,597.55,0.113898662034
RECTOR ST,0,1,14,549.6,0.113790022511
3 AV,16,4,0,10574.4,0.112847132342
135 ST,16,3,0,20349.45,0.112772079479
FULTON ST,4,3,0,20271.55,0.112595582735
ROOSEVELT ISLND,0,5,0,253.0,0.111684329033
FLUSHING-MAIN,16,0,0,49130.0,0.111313029663
103 ST,16,2,0,29365.7816176,0.110978010906
103 ST-CORONA,4,2,0,29191.8,0.110583823628
135 ST,12,3,0,19217.25,0.110206872636
DEKALB AV,16,2,0,28955.8,0.110049122326
VERNON-JACKSON,8,2,1,25964.4,0.109723169649
WORLD TRADE CTR,16,1,3,29908.8,0.109340935175
BROOKLYN BRIDGE,16,1,1,35466.7090909,0.109030172212
59 ST COLUMBUS,0,4,1,5989.0,0.108909680189
FORDHAM RD,20,4,0,8671.4,0.108535536669
HOUSTON ST,16,1,5,23793.875,0.108389676392
3 AV 138 ST,4,4,0,8548.1,0.108256177895
86 ST,20,0,0,47780.25,0.108254923377
BLEECKER ST,4,1,12,3488.0,0.10754428106
LEXINGTON AV/63,12,3,2,12284.4,0.107402454687
116 ST,4,2,0,27706.8,0.107219283652
JAY ST-METROTEC,8,2,0,27650.0,0.10709059283
CANAL ST,8,1,3,28619.053885,0.106418778701
CHURCH AV,8,0,0,46927.8333333,0.106323617013
96 ST,4,0,0,46821.025,0.106081623136
3 AV 138 ST,8,4,0,7422.45,0.105705811279
COURT SQ,16,2,0,26984.8,0.105583460175
3 AV 138 ST,12,4,0,7108.2,0.104993820243
3 AV-149 ST,20,4,0,7077.8,0.104924943465
1 AV,4,4,0,7047.9,0.104857199529
3 AV,20,4,0,6961.4,0.104661217908
BLEECKER ST,0,1,12,2167.8,0.104553125722
CHRISTOPHER ST,16,2,2,20757.1136613,0.104376719888
GRAND ST,16,0,0,45989.6,0.104197877243
8 AV,16,0,0,45726.4,0.10360154935
KINGSBRIDGE RD,8,3,0,16241.4112504,0.103464563924
W 4 ST-WASH SQ,8,2,2,20243.4867002,0.103213003765
DEKALB AV,12,2,0,25715.8,0.102708307831
BOWLING GREEN,0,1,12,1216.5,0.102397781022
3 AV 138 ST,16,4,0,5957.15,0.102385905267
BEDFORD PK BLVD,4,3,0,15718.1142421,0.102278938534
103 ST,4,2,0,25316.9144118,0.101804559341
3 AV,12,4,0,5641.0,0.101669609433
CORTLANDT ST,20,1,10,6482.45,0.101425531168
66 ST-LINCOLN,20,3,0,15339.95,0.101422138056
7 AV,16,0,0,44755.075,0.101400834338
LEXINGTON AV/63,8,3,2,9323.6,0.100694219022
FLUSHING-MAIN,12,0,0,44371.0,0.100530641953
68ST-HUNTER CO,0,4,1,2237.9,0.100410874865
57 ST,12,3,0,14790.7611774,0.10017785001
KINGSBRIDGE RD,12,3,0,14680.5385988,0.0999281205343
NEVINS ST,16,3,0,14177.8,0.0987890739931
CORTLANDT ST,8,1,10,5100.01587458,0.0982933729994
77 ST,12,0,0,43349.7117788,0.0982167260961
77 ST,16,0,0,43298.775,0.0981013194774
SPRING ST,8,1,7,13514.8,0.0980037717201
SPRING ST,20,1,7,13472.2,0.0979072536036
135 ST,4,3,0,13656.95,0.0976089927495
66 ST-LINCOLN,8,3,0,13275.1389452,0.0967439297479
3 AV,8,4,0,3068.2,0.0958404589603
1 AV,0,4,0,3016.53333333,0.0957233986469
LEXINGTON AV/63,20,3,2,6713.6,0.0947807851241
50 ST,12,0,0,41750.4666667,0.0945933428555
103 ST-CORONA,8,2,0,22079.8,0.0944702826765
ATL AV-BARCLAY,20,2,0,22034.3,0.0943671940779
3 AV 138 ST,20,4,0,2397.0,0.0943197322046
145 ST,16,1,0,31802.6,0.0942768478511
BEDFORD PK BLVD,12,3,0,12107.3665844,0.0940981271947
57 ST,20,3,0,12033.75,0.0939313353152
BEDFORD PK BLVD,8,3,0,11984.1703555,0.0938190035333
CHAMBERS ST,20,1,1,28551.4433874,0.0933623689069
81 ST-MUSEUM,16,2,1,18641.55,0.0931319093343
21 ST-QNSBRIDGE,8,3,0,11569.0,0.0928783589151
NEVINS ST,12,3,0,11466.6,0.0926463529261
145 ST,12,1,0,31058.3,0.0925904996325
33 ST-RAWSON ST,16,2,0,21160.4,0.0923872132796
WHITEHALL S-FRY,16,0,6,23606.1,0.092193628356
FORDHAM RD,0,4,0,1438.8,0.0921487542884
FRANKLIN AV,8,2,0,21042.0,0.0921189563549
3 AV-149 ST,0,4,0,1367.6,0.0919874376242
3 AV,0,4,0,1263.8,0.0917522596784
KINGSBRIDGE RD,16,3,0,11071.0,0.0917500485391
ATL AV-BARCLAY,4,2,0,20785.8,0.0915384882458
CATHEDRAL PKWY,12,2,0,20749.1113474,0.0914553633715
CORTLANDT ST,4,1,10,1933.4,0.0911188237061
3 AV,4,4,0,856.8,0.0908301264996
CHURCH AV,4,0,0,40073.3,0.0907934140357
3 AV 138 ST,0,4,0,810.35,0.0907248855017
HOUSTON ST,12,1,5,15904.875,0.0905156993712
81 ST-MUSEUM,12,2,1,17344.7,0.0901936577056
CATHEDRAL PKWY,16,2,0,19950.25,0.0896453964091
W 4 ST-WASH SQ,4,2,2,14202.95,0.089527059517
21 ST-QNSBRIDGE,16,3,0,9975.6,0.0892682188487
BEDFORD AV,8,1,0,29590.6,0.0892651559802
59 ST,20,0,0,39024.6,0.0884173917641
CORTLANDT ST,0,1,10,694.6,0.0883120950038
CHRISTOPHER ST,20,2,2,13117.1422531,0.0870669628359
NOSTRAND AV,8,1,0,28555.1777778,0.0869192169504
DEKALB AV,4,2,0,18634.2,0.0866636436575
JKSN HT-ROOSVLT,4,0,0,38128.8,0.0863877924974
CATHEDRAL PKWY,8,2,0,18426.8036232,0.0861937491115
JKSN HT-ROOSVLT,16,0,0,38010.8,0.086120441846
JKSN HT-ROOSVLT,12,0,0,38006.0,0.0861095665653
HIGH ST,16,2,2,12636.2,0.0859772999155
LEXINGTON AV/63,4,3,2,2734.8,0.0857660836704
BEDFORD PK BLVD,16,3,0,8400.9,0.0857004470634
57 ST-7 AV,16,0,0,37806.8,0.0856582424149
KEW GARDENS,8,0,0,37776.95,0.0855906117629
CHRISTOPHER ST,12,2,2,12411.0518451,0.0854671854591
NEVINS ST,8,3,0,8204.3,0.0852550136901
QUEENSBORO PLZ,16,2,0,17863.0,0.0849163485532
116 ST-COLUMBIA,16,2,0,17839.85,0.0848638979805
21 ST-QNSBRIDGE,12,3,0,7919.8,0.0846104267383
YORK ST,16,2,1,14739.35,0.0842907592356
JAMAICA 179 ST,4,0,0,37193.6,0.0842689253014
135 ST,20,3,0,7708.2,0.0841310081127
66 ST-LINCOLN,4,3,0,7454.45,0.0835560909282
183 ST,4,3,0,7431.6,0.0835043200605
125 ST,0,3,0,7270.1,0.0831384121775
8 AV,12,0,0,36629.5612903,0.0829909921114
33 ST-RAWSON ST,12,2,0,16985.4,0.0829279847259
183 ST,8,3,0,7051.0,0.0826420009258
BERGEN ST,8,2,0,16853.0286374,0.0826280731156
LEXINGTON AV/63,0,3,2,1152.4,0.0821808661223
VERNON-JACKSON,16,2,1,13725.6,0.0819939226018
W 4 ST-WASH SQ,0,2,2,10736.9,0.0816740872707
145 ST,4,1,0,25868.0,0.0808309226356
CHRISTOPHER ST,8,2,2,10164.4809213,0.0803771668172
FULTON ST,0,3,0,5976.65,0.0802078638727
21 ST-QNSBRIDGE,4,3,0,5901.4,0.0800373711904
182-183 STS,8,3,0,5797.6,0.0798021932446
182-183 STS,4,3,0,5786.6,0.0797772707262
JAY ST-METROTEC,20,2,0,15237.6,0.0789680231293
7 AV,12,0,0,34835.129727,0.0789253781518
CATHEDRAL PKWY,4,2,0,15212.3,0.0789107013371
77 ST,8,0,0,34796.25,0.0788372889964
LAFAYETTE AV,16,3,0,5326.325,0.0787344332597
72 ST,0,3,0,5243.15,0.0785459850358
57 ST,8,3,0,5163.45,0.078365410062
WHITEHALL S-FRY,12,0,6,17491.1,0.0783389738397
183 ST,12,3,0,5145.4,0.078324514475
BEDFORD AV,16,1,0,24535.4,0.0778116728223
116 ST,20,2,0,14702.95,0.0777566754535
LAFAYETTE AV,12,3,0,4883.475,0.077731075328
QUEENS PLAZA,12,2,0,14606.925,0.0775391131968
KINGSBRIDGE RD,20,3,0,4788.9,0.0775167983123
FLATBUSH AV-B.C,4,1,0,24377.0,0.0774527885581
HOYT-SCHER,16,2,0,14518.6,0.0773389967029
NEVINS ST,20,3,0,4689.0,0.0772904565321
BROOKLYN BRIDGE,12,1,1,21128.2909091,0.0765438549236
182-183 STS,12,3,0,4318.8,0.0764517005056
HOUSTON ST,20,1,5,9635.75,0.0763118463877
116 ST-COLUMBIA,12,2,0,14062.75,0.0763061848859
183 ST,16,3,0,4138.0,0.0760420649313
COURT SQ,12,2,0,13900.8,0.0759392574453
161/YANKEE STAD,20,1,0,23630.0233333,0.0757603758601
BERGEN ST,16,2,0,13820.125,0.0757564734301
WORLD TRADE CTR,12,1,3,15023.8,0.0756162364874
103 ST,20,2,0,13685.2380882,0.0754508623816
HIGH ST,8,2,2,7883.2,0.075208506307
137 ST CITY COL,12,2,0,13508.6,0.0750506563821
FRANKLIN AV,12,2,0,13442.85,0.0749016876929
HIGH ST,12,2,2,7729.0,0.0748591379135
LAFAYETTE AV,8,3,0,3600.30341154,0.0748238146504
VERNON-JACKSON,12,2,1,10546.0,0.07478995539
QUEENS PLAZA,16,2,0,13376.65,0.0747516994462
103 ST-CORONA,12,2,0,13353.0,0.0746981160317
137 ST CITY COL,8,2,0,13162.5708747,0.0742666639072
QUEENSBORO PLZ,12,2,0,13116.8,0.0741629615924
182-183 STS,16,3,0,3302.2,0.0741484066738
BEDFORD PK BLVD,20,3,0,3301.3,0.0741463675587
SPRING ST,4,1,7,2928.8,0.0740192463383
TREMONT AV,4,2,0,12934.15,0.0737491345037
NEVINS ST,4,3,0,3123.2,0.0737428493298
LAFAYETTE AV,20,3,0,3079.8,0.0736445186666
BERGEN ST,12,2,0,12807.8101482,0.0734628883877
BOROUGH HALL,20,2,0,12791.0,0.0734248019127
50 ST,20,0,0,32338.6,0.0732690319773
66 ST-LINCOLN,0,3,0,2881.95,0.0731962531889
KINGS HWY,8,0,0,32292.933042,0.0731655651046
21 ST-QNSBRIDGE,20,3,0,2654.6,0.0726811500484
HOYT ST,16,2,0,12335.6,0.0723930096532
137 ST CITY COL,4,2,0,12287.45,0.0722839169933
FRANKLIN AV,16,2,0,12244.5,0.0721866058876
50 ST,8,0,0,31836.5333333,0.0721315078218
161/YANKEE STAD,12,1,0,21978.6304966,0.0720188423811
LAFAYETTE AV,4,3,0,2357.0,0.0720068826429
YORK ST,12,2,1,9304.075,0.0719761464268
161/YANKEE STAD,16,1,0,21953.405,0.0719616893901
96 ST,20,0,0,31706.65,0.0718372332984
21 ST,16,3,0,2261.41,0.0717903059585
57 ST,0,3,0,2187.39853114,0.0716226193958
KINGSBRIDGE RD,0,3,0,2133.75,0.0715010688047
COURT SQ-23 ST,16,2,0,11899.8,0.07140562479
HOUSTON ST,8,1,5,7395.71946664,0.0712366462003
2 AV,16,1,1,18772.4,0.0712061517963
81 ST-MUSEUM,20,2,1,8927.0,0.0711218138263
103 ST-CORONA,16,2,0,11747.2,0.0710598814901
FRANKLIN AV,4,2,0,11645.7,0.0708299146162
57 ST,4,3,0,1819.65,0.0707894176218
183 ST,20,3,0,1814.4,0.0707775227835
SPRING ST,0,1,7,1441.4,0.0706492687214
GRAND ST,12,0,0,31132.3,0.0705359379882
81 ST-MUSEUM,8,2,1,8555.9,0.0702810186847
21 ST,12,3,0,1533.15,0.0701402993031
QUEENSBORO PLZ,8,2,0,11328.2,0.0701105601095
135 ST,0,3,0,1508.0,0.0700833173634
VERNON-JACKSON,4,2,1,8446.4,0.070032926343
182-183 STS,20,3,0,1419.8,0.06988348408
137 ST CITY COL,16,2,0,11113.75,0.0696246842859
21 ST,20,3,0,1202.49,0.0693911284016
HIGH ST,20,2,2,5231.2,0.0691999137024
BURNSIDE AV,8,2,0,10892.4,0.0691231752463
BEDFORD PK BLVD,0,3,0,1020.65,0.0689791365166
FOREST HILLS 71,4,0,0,30356.8,0.0687789004449
HOYT-SCHER,12,2,0,10733.2,0.0687624784354
LAFAYETTE AV,0,3,0,787.25,0.0684503259909
BURNSIDE AV,12,2,0,10574.5,0.0684029144661
21 ST,8,3,0,757.515825434,0.0683829577627
21 ST,4,3,0,617.375,0.0680654430088
NEVINS ST,0,3,0,597.4,0.0680201859811
BERGEN ST,4,2,0,10344.7,0.0678822604011
21 ST-QNSBRIDGE,0,3,0,516.8,0.0678375718922
JUNCTION BLVD,4,0,0,29917.0,0.0677824528478
21 ST,0,3,0,417.245,0.0676120117727
183 ST,0,3,0,405.4,0.0675851747519
182-183 STS,0,3,0,329.0,0.0674120765335
BURNSIDE AV,4,2,0,9850.0,0.0667614267806
5 AV/59 ST,16,0,0,29222.2,0.0662082559618
NOSTRAND AV,16,1,0,19412.6,0.0662050294607
161/YANKEE STAD,8,1,0,19405.0683392,0.0661879651012
7 AV,8,0,0,29133.7503852,0.0660078571301
2 AV,8,1,1,16305.8,0.0656176169099
YORK ST,20,2,1,6477.85,0.0655728151168
36 AV,8,2,0,9304.4,0.0655252698707
FLATBUSH AV-B.C,8,1,0,18872.4975325,0.0649813282193
COURT SQ,8,2,0,9030.0,0.0649035663222
161/YANKEE STAD,4,1,0,18826.1966667,0.0648764251123
CATHEDRAL PKWY,20,2,0,8974.8,0.0647785005937
YORK ST,8,2,1,6103.525,0.064724713146
DEKALB AV,20,2,0,8803.4,0.0643901624443
TREMONT AV,8,2,0,8774.97380766,0.0643257576897
46 ST BLISS ST,8,1,0,18551.0,0.0642529165692
BAY PKWY,4,0,0,28239.55,0.0639818820844
BURNSIDE AV,16,2,0,8565.6,0.0638513829113
WOODHAVEN BLVD,4,0,0,28163.95,0.0638105964129
CHRISTOPHER ST,4,2,2,2760.54175369,0.0636021841144
COURT SQ-23 ST,8,2,0,8410.0,0.0634988425609
ASTORIA DITMARS,8,0,0,27949.4,0.063324494021
HOYT ST,12,2,0,8332.4,0.0633230255224
CANAL ST,4,1,3,9519.2,0.0631445551709
CLARK ST,8,2,0,8248.6,0.0631331612463
NOSTRAND AV,12,1,0,18040.0,0.063095152308
40 ST LOWERY ST,8,1,1,15149.6,0.0629980336635
VERNON-JACKSON,20,2,1,5298.0,0.062899648456
JAY ST-METROTEC,4,2,0,8127.1,0.0628578807027
CHRISTOPHER ST,0,2,2,2410.84370783,0.0628098790268
HIGH ST,4,2,2,2407.4,0.0628020766749
81 ST-MUSEUM,4,2,1,5199.35,0.0626761387801
HOYT-SCHER,8,2,0,7943.0,0.062440768373
HUNTERS PT AV,4,2,0,7935.3,0.0624233226101
BEDFORD AV,12,1,0,17625.4,0.0621557999347
FOREST HILLS 71,8,0,0,27362.7994706,0.0619954428886
TREMONT AV,12,2,0,7660.2,0.0618000330832
CHURCH AV,12,0,0,27228.2166667,0.0616905208523
BOROUGH HALL,4,2,0,7588.2,0.0616369038722
116 ST-COLUMBIA,8,2,0,7546.98290938,0.0615435189906
CARROLL ST,8,1,0,17168.0,0.0611194763082
207 ST,8,2,0,7290.4,0.0609621833301
116 ST-COLUMBIA,20,2,0,7164.4,0.0606767072109
WHITEHALL S-FRY,8,0,6,9604.94083262,0.0604714332469
YORK ST,4,2,1,4223.65,0.0604655114029
COURT SQ-23 ST,12,2,0,6996.0,0.0602951661118
WORLD TRADE CTR,8,1,3,8259.9,0.0602913799571
QUEENS PLAZA,8,2,0,6962.975,0.0602203419147
CLARK ST,16,2,0,6741.2,0.0597178699596
HOUSTON ST,4,1,5,2305.65,0.0597041598676
KINGS HWY,4,0,0,26252.66,0.0594802182231
DELANCEY/ESSEX,16,0,0,26247.0,0.0594673944546
36 AV,16,2,0,6605.8,0.0594110964156
8 AV,20,0,0,26213.25,0.0593909276369
HUNTERS PT AV,12,2,0,6490.775,0.0591504861727
MYRTLE-WILLOUGH,8,2,0,6486.43166206,0.0591406455436
77 ST,4,0,0,26099.5,0.0591332061404
2 AV,12,1,1,13395.8,0.0590244779659
MYRTLE-WILLOUGH,4,2,0,6325.0,0.0587748924928
BERGEN ST,20,2,0,6254.175,0.0586144254599
BROOKLYN BRIDGE,8,1,1,13137.2545455,0.0584386957992
207 ST,16,2,0,6116.6,0.0583027240543
8 AV,8,0,0,25727.1587475,0.0582895987136
207 ST,12,2,0,6050.0,0.0581518295342
HIGH ST,0,2,2,353.0,0.0581474565214
BEDFORD AV,20,1,0,15853.4,0.0581410087977
CITY HALL,16,1,1,12952.0,0.0580189676349
2 AV,20,1,1,12935.6,0.0579818104257
HUNTERS PT AV,16,2,0,5939.275,0.0579009617302
33 ST-RAWSON ST,8,2,0,5831.2,0.0576560979875
HOUSTON ST,0,1,5,1387.7,0.0576243757117
WHITEHALL S-FRY,20,0,6,8326.1,0.0575739846913
36 AV,12,2,0,5761.0,0.0574970470067
FRANKLIN AV,20,2,0,5749.4,0.0574707650783
33 ST-RAWSON ST,20,2,0,5692.0,0.0573407148462
TREMONT AV,16,2,0,5691.52565429,0.057339640129
MARBLE HILL-225,8,2,0,5612.4,0.0571603664407
SUTPHIN-ARCHER,4,0,0,25215.4,0.0571301153705
COURT SQ,20,2,0,5565.2,0.0570534261802
207 ST,4,2,0,5551.8,0.0570230660215
CHAMBERS ST,4,1,1,12445.4363859,0.0568712548198
BROADWAY,8,0,0,25082.45,0.056828892751
HUNTERS PT AV,8,2,0,5370.33662405,0.0566119274473
DYCKMAN ST,8,1,0,15171.5054785,0.0565960516412
149/GRAND CONC,12,1,0,15156.2,0.0565613742713
CANAL ST,0,1,3,6532.9,0.056378544577
HARLEM 148 ST,8,2,0,5233.6,0.0563021255363
WHITEHALL S-FRY,4,0,6,7662.2,0.0560697974251
MYRTLE-WILLOUGH,12,2,0,5087.95,0.0559721287366
HOYT ST,8,2,0,4974.8,0.0557157666501
36 AV,4,2,0,4935.8,0.0556274049942
149/GRAND CONC,16,1,0,14737.2666667,0.0556122039363
MARBLE HILL-225,16,2,0,4923.6,0.0555997636556
WOODHAVEN BLVD,8,0,0,24523.0848746,0.0555615484238
FLATBUSH AV-B.C,12,1,0,14701.52911,0.0555312339444
MARBLE HILL-225,4,2,0,4843.4,0.0554180558401
111 ST,4,0,0,24392.95,0.0552667039875
39 AV,16,2,0,4735.0,0.0551724557502
137 ST CITY COL,20,2,0,4706.5,0.0551078837709
GRAND ST,8,0,0,24303.0,0.055062905758
CHURCH AV,16,0,0,24242.2,0.054925152202
DELANCEY/ESSEX,12,0,0,24172.7,0.0547676871997
DYCKMAN ST,4,1,0,14361.1,0.0547599293317
103 ST-CORONA,20,2,0,4539.2,0.0547288349237
CLARK ST,12,2,0,4520.4,0.0546862400741
QUEENSBORO PLZ,20,2,0,4512.0,0.0546672083328
MARBLE HILL-225,12,2,0,4471.4,0.0545752215833
HOYT-SCHER,20,2,0,4410.4,0.0544370148907
81 ST-MUSEUM,0,2,1,1560.2,0.0544309767224
QUEENS PLAZA,20,2,0,4370.75,0.0543471805405
JUNCTION BLVD,8,0,0,23950.4,0.0542640257608
103 ST,0,2,0,4235.30676471,0.054040309039
QUEENSBORO PLZ,4,2,0,4186.2,0.0539290486531
PARKCHESTER,4,0,0,23781.45,0.0538812385359
KEW GARDENS,4,0,0,23742.175,0.053792253817
NOSTRAND AV,4,1,0,13802.4,0.0534940919681
HARLEM 148 ST,4,2,0,3953.4,0.0534015975376
JAMAICA 179 ST,8,0,0,23541.0,0.0533364549417
MYRTLE-WILLOUGH,16,2,0,3896.7,0.053273133284
WORLD TRADE CTR,20,1,3,5140.6,0.0532240334595
SUTPHIN-ARCHER,8,0,0,23488.2,0.0532168268536
YORK ST,0,2,1,1016.55,0.0531992378953
116 ST-COLUMBIA,4,2,0,3777.75,0.0530036302333
GRAND-NEWTOWN,8,0,0,23384.2,0.0529811957711
VERNON-JACKSON,0,2,1,893.6,0.0529206721107
7 AV,4,0,0,23339.45,0.0528798064351
GRAND ARMY PLAZ,8,1,0,13524.6461538,0.0528647896657
39 AV,8,2,0,3712.8,0.0528564740909
QUEENS PLAZA,4,2,0,3642.8,0.0526978762469
HARLEM 148 ST,12,2,0,3538.8,0.0524622451644
PROSPECT PARK,8,1,0,13318.0,0.0523965948875
WOODHAVEN BLVD,12,0,0,23110.5669402,0.0523612298663
116 ST,0,2,0,3485.4,0.0523412576662
CLINTON-WASH AV,8,1,0,13212.95,0.0521585848373
MARCY AV,8,1,0,13170.65,0.0520627464259
MARCY AV,12,1,0,13123.45,0.0519558061653
HOYT ST,20,2,0,3296.8,0.0519139497608
BAY PKWY,8,0,0,22886.0319378,0.0518525046194
BURNSIDE AV,20,2,0,3189.8,0.0516715216278
79 ST,8,0,0,22725.1125,0.0514879121066
MARCY AV,16,1,0,12903.9,0.051458375356
BEDFORD-NOSTRAN,8,1,0,12839.6,0.0513126919078
CLARK ST,20,2,0,2975.6,0.0511862122251
COURT SQ,4,2,0,2967.4,0.0511676336205
FOREST HILLS 71,12,0,0,22583.7301086,0.0511675843571
COURT SQ-23 ST,4,2,0,2954.0,0.0511372734618
145 ST,20,1,0,12761.2,0.0511350623226
181 ST,8,0,0,22410.834991,0.0507758587444
39 AV,12,2,0,2768.6,0.0507172157435
HARLEM 148 ST,16,2,0,2728.0,0.050625228994
ATL AV-BARCLAY,0,2,0,2715.6,0.0505971345188
COURT SQ-23 ST,20,2,0,2697.2,0.0505554459426
79 ST,12,0,0,22286.65,0.0504944948611
59 ST,4,0,0,22275.0666667,0.0504682506941
40 ST LOWERY ST,16,1,1,9571.0,0.050358691769
46 ST BLISS ST,4,1,0,12408.8,0.0503366354621
167 ST,4,0,0,22123.0,0.0501237157587
207 ST,20,2,0,2504.0,0.0501177158932
TREMONT AV,20,2,0,2485.8,0.0500764804537
5 AV/59 ST,12,0,0,22092.3,0.0500541592757
DYCKMAN ST,12,1,0,12196.25,0.0498550644372
30 AV,8,0,0,21978.4,0.0497960979266
WOODHAVEN BLVD,16,0,0,21945.4,0.0497213303716
JAY ST-METROTEC,0,2,0,2267.0,0.049580748907
NORWOOD 205 ST,4,1,0,12049.25,0.0495220089648
167 ST,8,0,0,21849.8,0.0495047310303
LORIMER ST,8,1,0,12037.65,0.0494957270363
215 ST,12,2,0,2220.2,0.0494747149199
CLARK ST,4,2,0,2197.2,0.0494226041997
CARROLL ST,16,1,0,11973.5,0.0493503834407
INWOOD-207 ST,4,1,0,11910.3,0.0492071922444
36 AV,20,2,0,2082.6,0.0491629568722
HOYT-SCHER,4,2,0,2010.0,0.0489984682511
WORLD TRADE CTR,4,1,3,3275.4,0.0489980806216
215 ST,16,2,0,2006.0,0.0489894055172
79 ST,16,0,0,21612.9,0.0489679906125
HUNTERS PT AV,20,2,0,1990.25,0.0489537210023
MARBLE HILL-225,20,2,0,1902.6,0.0487551338447
215 ST,8,2,0,1894.2,0.0487361021034
40 ST LOWERY ST,12,1,1,8763.2,0.0485284726491
CATHEDRAL PKWY,0,2,0,1776.2,0.0484687514521
FLATBUSH AV-B.C,16,1,0,11494.45,0.0482650077668
231 ST,8,1,0,11476.7,0.0482247918849
DEKALB AV,0,2,0,1649.2,0.0481810096494
46 ST BLISS ST,16,1,0,11405.1,0.0480625689473
137 ST CITY COL,0,2,0,1588.6,0.0480437092302
MYRTLE-WILLOUGH,20,2,0,1573.45,0.0480093841253
KINGS HWY,12,0,0,21179.075,0.0479850804742
33 ST-RAWSON ST,4,2,0,1537.2,0.047927253099
181 ST,4,0,0,21138.85,0.047893943356
BROOKLYN BRIDGE,20,1,1,8481.64545454,0.0478905591651
FRANKLIN ST,16,1,1,8268.8,0.0474083187337
BOROUGH HALL,0,2,0,1238.0,0.0472493606
63 DR-REGO PARK,8,0,0,20833.4,0.0472018903353
FRANKLIN AV,0,2,0,1214.2,0.047195437333
HOYT ST,4,2,0,1196.2,0.0471546550303
39 AV,4,2,0,1196.2,0.0471546550303
215 ST,4,2,0,1176.0,0.0471088882239
QUEENSBORO PLZ,0,2,0,1175.8,0.0471084350872
36 ST,16,0,0,20735.3666667,0.0469797778308
TREMONT AV,0,2,0,1110.55,0.0469605992397
KEW GARDENS,12,0,0,20702.6,0.0469055389353
FLUSHING-MAIN,20,0,0,20670.4,0.0468325839271
116 ST-COLUMBIA,0,2,0,1022.6,0.0467613323771
COURT SQ,0,2,0,1018.4,0.0467518165065
39 AV,20,2,0,1002.4,0.0467155655707
103 ST-CORONA,0,2,0,974.0,0.0466512201597
90 ST-ELMHURST,4,0,0,20587.8,0.0466454384711
149/GRAND CONC,8,1,0,10778.5333333,0.0466429671978
7 AV,20,0,0,20564.725,0.0465931578247
HARLEM 148 ST,20,2,0,899.0,0.0464812938983
BERGEN ST,0,2,0,897.5,0.046477895373
NEWKIRK AV,4,1,0,10703.75,0.0464735318345
SUTPHIN-ARCHER,16,0,0,20497.0,0.0464397144106
46 ST BLISS ST,12,1,0,10611.0,0.0462633896912
HUNTERS PT AV,0,2,0,780.1,0.0462119041318
ELMHURST AV,8,0,0,20381.16,0.0461772576356
215 ST,20,2,0,719.4,0.0460743771442
40 ST LOWERY ST,4,1,1,7653.8,0.0460149233899
ASTORIA BLVD,8,0,0,20305.6,0.0460060625914
LORIMER ST,4,1,0,10439.8,0.0458755046784
BURNSIDE AV,0,2,0,612.8,0.0458328552846
QUEENS PLAZA,0,2,0,602.75,0.0458100851656
207 ST,0,2,0,587.7,0.0457759866291
61 ST WOODSIDE,4,0,0,20188.45,0.045740637771
HOYT-SCHER,0,2,0,541.8,0.0456719917571
CITY HALL,12,1,1,7450.6,0.0455545365055
DYCKMAN ST,16,1,0,10249.25,0.0454437786901
MYRTLE-WILLOUGH,0,2,0,424.2,0.0454055473792
36 AV,0,2,0,371.2,0.0452854661544
SOUTH FERRY,16,0,2,14283.65,0.0452654557299
33 ST-RAWSON ST,0,2,0,360.4,0.0452609967728
KINGS HWY,16,0,0,19940.52,0.0451789068644
COURT SQ-23 ST,0,2,0,301.6,0.0451277745838
CLARK ST,0,2,0,271.8,0.0450602572159
HOYT ST,0,2,0,240.6,0.0449895678912
39 AV,0,2,0,229.4,0.0449641922361
INWOOD-207 ST,8,1,0,9988.44761997,0.0448528830446
MARBLE HILL-225,0,2,0,162.2,0.0448119383059
HARLEM 148 ST,0,2,0,143.0,0.0447684371829
181 ST,12,0,0,19754.8762526,0.0447582968916
FOREST HILLS 71,16,0,0,19744.3666667,0.0447344854963
CLINTON-WASH AV,16,1,0,9935.5,0.0447329204964
SUTPHIN-ARCHER,12,0,0,19721.6,0.0446829034356
215 ST,0,2,0,63.2,0.0445876356408
PARK PLACE,16,1,0,9639.25,0.0440617117637
231 ST,4,1,0,9566.8,0.0438975629952
57 ST-7 AV,12,0,0,19246.4,0.0436062506431
MARCY AV,4,1,0,9296.6,0.0432853753173
FRANKLIN ST,12,1,1,6412.75,0.0432030968997
SHEEPSHEAD BAY,4,0,0,19034.55,0.0431262655966
HALSEY ST,8,0,0,19014.75,0.0430814050636
LORIMER ST,12,1,0,9177.0,0.0430143995724
WORLD TRADE CTR,0,1,3,611.4,0.0429622998152
GRAND ARMY PLAZ,16,1,0,9030.26153845,0.0426819366633
CARROLL ST,12,1,0,8966.7,0.0425379263353
CORTELYOU RD,8,1,0,8964.6,0.0425331684
61 ST WOODSIDE,8,0,0,18556.7618401,0.0420437488529
BEDFORD AV,4,1,0,8721.0,0.0419812479028
8 AV,4,0,0,18517.35,0.0419544540977
77 ST,20,0,0,18500.95,0.0419172968886
MOSHOLU PKWY,12,1,0,8692.35886361,0.0419163561531
PROSPECT PARK,4,1,0,8600.6,0.0417084596111
170 ST,4,0,0,18387.55,0.0416603683813
NORWOOD 205 ST,8,1,0,8509.17262359,0.0415013141142
SOUTH FERRY,12,0,2,12596.55,0.0414430211208
CLINTON-WASH AV,12,1,0,8459.05,0.0413877521137
WHITEHALL S-FRY,0,0,6,1174.95,0.0413717422311
DELANCEY/ESSEX,8,0,0,18245.1995806,0.0413378473868
111 ST,8,0,0,18110.0807729,0.0410317109357
MOSHOLU PKWY,4,1,0,8287.77,0.0409996858462
CONEY IS-STILLW,16,0,0,18057.025,0.0409115033471
STERLING ST,8,1,0,8236.4,0.0408832976855
STEINWAY ST,8,0,0,18036.8,0.0408656798986
GRAND ARMY PLAZ,12,1,0,8220.15384616,0.0408464890431
175 ST,8,0,0,18015.4,0.040817194272
2 AV,4,1,1,5255.8,0.0405818143907
NEWKIRK AV,8,1,0,8073.55253102,0.0405143368643
LORIMER ST,16,1,0,7994.0,0.0403340960085
181 ST,16,0,0,17798.7042463,0.0403262302813
BOWERY,16,1,1,5114.6,0.0402618998825
CANARSIE-ROCKAW,4,0,0,17756.7,0.0402310619542
EAST BROADWAY,16,0,0,17622.8,0.0399276869354
36 ST,12,0,0,17604.6833333,0.0398866403029
CONEY IS-STILLW,12,0,0,17600.075,0.0398761992782
INWOOD-207 ST,12,1,0,7736.1,0.0397497762375
MOSHOLU PKWY,8,1,0,7719.98565892,0.0397132662411
NOSTRAND AV,20,1,0,7624.0,0.0394957931188
PARKCHESTER,8,0,0,17426.55,0.0394830465513
WINTHROP ST,12,1,0,7505.75441199,0.0392278860427
AVENUE J,8,1,0,7490.8,0.0391940040784
231 ST,16,1,0,7422.8,0.0390399376014
MOSHOLU PKWY,16,1,0,7414.575,0.0390213023547
231 ST,12,1,0,7382.6,0.0389488571253
HALSEY ST,4,0,0,17183.1,0.0389314659067
KEW GARDENS,16,0,0,17174.725,0.0389124908075
CLASSON AV,8,1,0,7255.8,0.0386615684593
PROSPECT PARK,12,1,0,7234.4,0.0386130828327
UTICA AV,4,0,0,17034.81,0.0385954877025
GRAND ARMY PLAZ,20,1,0,7220.96923077,0.0385826529606
CLINTON-WASH AV,4,1,0,7195.35,0.0385246078925
GRAND-NEWTOWN,4,0,0,17003.0,0.0385234163108
170 ST,8,0,0,16865.3579737,0.0382115630448
GRAND ARMY PLAZ,4,1,0,7034.53846153,0.0381602598455
167 ST,12,0,0,16828.4,0.0381278279742
UTICA AV,8,0,0,16729.087053,0.0379028162703
79 ST,4,0,0,16726.3625,0.0378966432955
PROSPECT PARK,16,1,0,6908.6,0.0378749231529
JKSN HT-ROOSVLT,20,0,0,16694.8,0.0378251326605
GUN HILL RD,4,0,0,16674.5,0.0377791392857
176 ST,8,1,0,6827.2,0.0376904965172
155 ST,4,1,0,6824.3,0.0376839260351
NORWOOD 205 ST,12,1,0,6801.94369653,0.0376332737275
176 ST,4,1,0,6759.0,0.0375359769035
149/GRAND CONC,4,1,0,6718.46666667,0.0374441411995
CHAMBERS ST,0,1,1,3852.57850322,0.0374025586184
FRANKLIN ST,8,1,1,3779.75,0.0372375522813
CORTELYOU RD,4,1,0,6583.4,0.0371381228833
WINTHROP ST,4,1,0,6528.45,0.0370136235758
BEDFORD-NOSTRAN,4,1,0,6524.0,0.0370035412843
MT EDEN AV,8,1,0,6454.768,0.0368466834852
BROOKLYN BRIDGE,4,1,1,3601.81818182,0.0368344150992
155 ST,8,1,0,6368.03643165,0.0366501772031
EASTN PKWY-MUSM,8,1,0,6353.8,0.036617921955
PARKSIDE AV,4,1,0,6353.7,0.0366176953866
CITY HALL,8,1,1,3481.6,0.03656203875
FRANKLIN ST,20,1,1,3465.75,0.0365261276667
WINTHROP ST,16,1,0,6297.55,0.0364904772589
BROOK AV,4,1,0,6253.7,0.036391127038
BEDFORD-NOSTRAN,16,1,0,6217.4,0.0363088827275
MARCY AV,20,1,0,6173.35,0.0362090793699
238 ST,4,1,0,6139.1,0.0361314797105
DELANCEY/ESSEX,20,0,0,15931.0,0.036094603614
KINGSTON AV,8,1,0,6090.0,0.0360202346514
WINTHROP ST,8,1,0,6079.38799009,0.0359961911958
155 ST,12,1,0,6066.40826416,0.0359667832451
PROSPECT AV,8,0,0,15850.9157133,0.0359131579681
INWOOD-207 ST,16,1,0,6007.65,0.0358336556163
BEDFORD-NOSTRAN,12,1,0,5980.8,0.0357728220147
174-175 STS,8,1,0,5972.8,0.0357546965468
90 ST-ELMHURST,8,0,0,15773.4,0.0357375318966
BOWERY,20,1,1,3082.6,0.0356580310391
SOUTH FERRY,8,0,2,9970.0,0.0354920901609
BROOK AV,12,1,0,5846.49468655,0.035468528684
BOWERY,12,1,1,2995.8,0.0354613697125
ROCKAWAY AV,4,0,0,15608.5563807,0.0353640484305
NEWKIRK AV,12,1,0,5771.05,0.0352975949036
PARKSIDE AV,8,1,0,5757.2,0.0352662151873
MT EDEN AV,4,1,0,5751.904,0.0352542161275
SOUTH FERRY,4,0,2,9860.3,0.0352435446825
149/GRAND CONC,20,1,0,5703.93333333,0.0351455297803
CARROLL ST,4,1,0,5615.4,0.034944941269
PRESIDENT ST,8,1,0,5574.0,0.0348511419727
40 ST LOWERY ST,20,1,1,2679.2,0.0347440543209
PARK PLACE,12,1,0,5519.775,0.0347282852856
176 ST,12,1,0,5514.2,0.0347156541002
GRAND ST,20,0,0,15318.2,0.0347061927738
AVENUE J,12,1,0,5494.9,0.0346719264089
18 AV,8,0,0,15296.5,0.0346570274421
2 AV,0,1,1,2603.6,0.0345727686494
BAY PKWY,12,0,0,15256.85,0.0345671930919
BROOK AV,8,1,0,5422.36873677,0.0345075935236
110 ST,8,0,0,15219.6,0.0344827963821
GRAHAM AV,8,0,0,15210.5,0.0344621786624
82 ST-JACKSON H,8,0,0,15175.6,0.0343831063087
EAST BROADWAY,8,0,0,15121.0,0.0342593999904
82 ST-JACKSON H,16,0,0,15093.0,0.0341959608528
CITY HALL,20,1,1,2429.6,0.0341785397228
MT EDEN AV,12,1,0,5266.52,0.0341544896144
18 AV,4,0,0,14931.75,0.0338306193907
AVENUE J,16,1,0,5107.0,0.0337930677847
67 AV,8,0,0,14904.75,0.0337694459365
ASTORIA DITMARS,4,0,0,14895.6,0.0337487149326
STERLING ST,4,1,0,5071.0,0.0337115031792
DELANCEY/ESSEX,4,0,0,14861.45,0.0336713418416
57 ST-7 AV,20,0,0,14856.4,0.03365990014
174-175 STS,4,1,0,5033.4,0.0336263134802
FLATBUSH AV-B.C,20,1,0,4975.85,0.0334959233956
NORWOOD 205 ST,16,1,0,4966.8,0.03347541896
176 ST,16,1,0,4772.0,0.033034063817
AVENUE U,4,0,0,14573.35,0.0330185984293
BROOK AV,16,1,0,4765.08387454,0.0330183940657
174-175 STS,16,1,0,4747.8,0.0329792342766
BRIGHTON BEACH,12,0,0,14544.8,0.0329539131658
170 ST,12,0,0,14521.6672566,0.0329015016912
SHEEPSHEAD BAY,8,0,0,14512.2,0.0328800518842
MT EDEN AV,16,1,0,4700.072,0.0328710977352
AVENUE J,4,1,0,4673.2,0.0328102142886
155 ST,16,1,0,4656.8745614,0.0327732260119
GRAND ARMY PLAZ,0,1,0,4656.83076924,0.0327731267927
174-175 STS,12,1,0,4655.0,0.0327689788491
EASTN PKWY-MUSM,16,1,0,4628.8,0.0327096179418
JUNCTION BLVD,12,0,0,14413.2,0.032655749219
BOWERY,8,1,1,1746.0,0.0326297184918
FRANKLIN ST,4,1,1,1726.2,0.0325848579588
PELHAM PKWY,4,0,0,14360.0,0.0325352148576
STERLING ST,12,1,0,4470.2,0.0323502805409
KINGSTON AV,12,1,0,4447.4,0.0322986229574
63 DR-REGO PARK,16,0,0,14213.8,0.032203971932
DYCKMAN ST,20,1,0,4385.65,0.0321587170022
167 ST,16,0,0,14169.7333333,0.032104130813
BROOKLYN BRIDGE,0,1,1,1492.78181818,0.032056006239
STEINWAY ST,16,0,0,14118.0,0.031986919454
238 ST,8,1,0,4282.86828144,0.0319258461598
PARKSIDE AV,12,1,0,4257.1,0.0318674633901
ROCKAWAY AV,8,0,0,14023.7131518,0.0317732952991
82 ST-JACKSON H,12,0,0,13999.0,0.0317173031192
LORIMER ST,20,1,0,4166.95,0.0316632120238
5 AV/59 ST,20,0,0,13953.0,0.0316130816788
KINGSTON AV,16,1,0,4073.6,0.0314517104704
EASTN PKWY-MUSM,12,1,0,4063.8,0.0314295067722
ELMHURST AV,4,0,0,13859.32,0.0314008324499
FT HAMILTON PKY,4,0,0,13833.7785714,0.031342963657
BAY RIDGE AV,8,0,0,13821.0,0.0313140114587
NEWKIRK AV,16,1,0,3994.65,0.0312728347592
CORTELYOU RD,12,1,0,3954.74112892,0.031182413889
CLASSON AV,16,1,0,3917.0,0.0310969044365
STERLING ST,16,1,0,3883.8,0.0310216837448
UTICA AV,12,0,0,13654.193351,0.0309360803886
46 ST BLISS ST,20,1,0,3770.4,0.0307647552375
BROADWAY,4,0,0,13571.25,0.0307481570081
CORTELYOU RD,16,1,0,3754.0,0.0307275980283
138/GRAND CONC,16,1,0,3713.8,0.0306365175522
BEDFORD AV,0,1,0,3682.4,0.0305653750907
BOWERY,0,1,1,833.6,0.0305625088793
KINGSTON AV,4,1,0,3659.2,0.0305128112338
AVENUE H,8,1,0,3617.03333333,0.0304172749135
BRIGHTON BEACH,8,0,0,13385.7,0.0303277594373
PARKSIDE AV,16,1,0,3573.5,0.0303186421591
63 DR-REGO PARK,4,0,0,13354.6,0.0302572966809
CARROLL ST,20,1,0,3512.0,0.0301793026247
PRESIDENT ST,12,1,0,3503.2,0.03015936461
PARK PLACE,8,1,0,3431.825,0.0299976514512
CLASSON AV,12,1,0,3416.4,0.0299627032835
36 ST,8,0,0,13222.3177758,0.02995758703
EAST BROADWAY,12,0,0,13212.8,0.0299360227626
FRANKLIN ST,0,1,1,539.7,0.0298966245028
CLINTON-WASH AV,20,1,0,3354.7,0.0298229106124
METS-WILLETS PT,20,0,0,13157.35,0.0298103906133
CITY HALL,4,1,1,497.8,0.0298016923647
BOWERY,4,1,1,478.6,0.0297581912418
FLUSHING AV,12,0,0,13124.05,0.0297349433532
138/GRAND CONC,8,1,0,3238.6,0.0295598647597
138/GRAND CONC,12,1,0,3237.6,0.0295575990762
40 ST LOWERY ST,0,1,1,387.8,0.0295524671813
JUNCTION BLVD,16,0,0,13043.4,0.0295522159801
161/YANKEE STAD,0,1,0,3210.895,0.0294970939987
CLASSON AV,4,1,0,3134.4,0.0293237805404
61 ST WOODSIDE,12,0,0,12935.925,0.0293087116474
GUN HILL RD,8,0,0,12915.6952381,0.0292628774099
57 ST-7 AV,8,0,0,12839.6,0.0290904696856
CITY HALL,0,1,1,183.4,0.0290893614768
63 DR-REGO PARK,12,0,0,12835.9,0.0290820866567
138/GRAND CONC,4,1,0,2990.8,0.0289984283919
BROADWAY,16,0,0,12775.55,0.0289453526584
MOSHOLU PKWY,20,1,0,2930.21,0.0288611506295
PRESIDENT ST,4,1,0,2913.4,0.0288230644901
MYRTLE AV,8,0,0,12706.9,0.028789813487
PRESIDENT ST,16,1,0,2872.0,0.0287292651937
238 ST,12,1,0,2847.45,0.0286736426642
4AV-9 ST,8,0,0,12650.0,0.0286608960967
BROADWAY,12,0,0,12638.25,0.0286342743157
BRIGHTON BEACH,16,0,0,12567.2,0.0284732975041
PROSPECT PARK,20,1,0,2731.8,0.028411616369
231 ST,20,1,0,2713.0,0.0283690215195
CANARSIE-ROCKAW,8,0,0,12509.55,0.0283426808511
FLUSHING AV,16,0,0,12500.1,0.0283212701422
AVENUE H,4,1,0,2630.2,0.0281814229268
CONEY IS-STILLW,4,0,0,12435.3,0.0281744538523
FT HAMILTON PKY,8,0,0,12416.1,0.0281309527293
AVENUE H,12,1,0,2601.86666667,0.0281172285614
INWOOD-207 ST,20,1,0,2577.0,0.0280608885654
CENTRAL PK N110,8,0,0,12376.2,0.0280405519583
PROSPECT AV,12,0,0,12373.725,0.0280349443916
JAMAICA 179 ST,12,0,0,12321.4,0.0279163925032
HEWES ST,8,1,0,2494.55,0.027874082962
SUTTER AV-RUTLD,4,0,0,12270.2,0.0278003895088
AVENUE U,8,0,0,12248.7051261,0.027751688928
HEWES ST,12,1,0,2433.85,0.0277365559744
HEWES ST,16,1,0,2410.3,0.0276831991283
HUNTS POINT AV,4,0,0,12177.65,0.0275907005021
110 ST,16,0,0,12176.4,0.0275878683978
BOTANIC GARDEN,12,1,0,2367.25,0.0275856614542
STEINWAY ST,12,0,0,12173.0,0.0275801650739
238 ST,16,1,0,2361.95,0.0275736533318
PARKCHESTER,12,0,0,12126.0,0.0274736779501
82 ST-JACKSON H,4,0,0,11977.6,0.0271374505208
110 ST,12,0,0,11940.8,0.0270540733685
EASTN PKWY-MUSM,4,1,0,2130.6,0.0270494874573
HEWES ST,4,1,0,2122.9,0.0270320416945
NORWOOD 205 ST,20,1,0,2093.55,0.0269655438841
AVENUE H,16,1,0,2091.6,0.0269611258013
GRAND-NEWTOWN,12,0,0,11881.2,0.0269190386327
155 ST,20,1,0,2065.1,0.026901085189
WINTHROP ST,20,1,0,2060.4,0.0268904364766
90 ST-ELMHURST,12,0,0,11864.0,0.0268800688768
PARK PLACE,4,1,0,2040.55,0.0268454626594
NASSAU ST,8,0,0,11829.2,0.0268012230915
145 ST,0,1,0,2004.0,0.026762651928
CONEY IS-STILLW,8,0,0,11793.8899718,0.0267212217437
175 ST,4,0,0,11792.8,0.0267187522126
MT EDEN AV,20,1,0,1955.224,0.0266521409503
PARK PLACE,20,1,0,1954.25,0.0266499341746
BEDFORD-NOSTRAN,20,1,0,1954.2,0.0266498208904
BROOK AV,20,1,0,1903.95,0.0265359702952
36 ST,4,0,0,11687.114867,0.0264793031521
176 ST,20,1,0,1875.0,0.0264703787583
170 ST,16,0,0,11671.45,0.0264438115216
NEWKIRK AV,20,1,0,1806.0,0.0263140465978
VAN SICLEN AV,4,0,0,11546.75,0.0261612807909
PELHAM PKWY,8,0,0,11538.0041714,0.0261414655114
FLATBUSH AV-B.C,0,1,0,1716.9,0.0261121741992
MYRTLE AV,4,0,0,11523.7,0.0261090567865
BOTANIC GARDEN,16,1,0,1695.25,0.0260631221517
PELHAM PKWY,12,0,0,11488.4,0.0260290781595
GUN HILL RD,12,0,0,11461.6281113,0.0259684215334
EASTN PKWY-MUSM,20,1,0,1653.0,0.0259673970244
PARKSIDE AV,20,1,0,1605.45,0.0258596637747
MARCY AV,0,1,0,1586.0,0.0258155962309
ASTORIA DITMARS,12,0,0,11389.6,0.0258052286311
PROSPECT AV,16,0,0,11384.075,0.0257927107298
30 AV,4,0,0,11372.4,0.0257662588751
EUCLID AV,8,0,0,11355.6,0.0257281953925
UTICA AV,16,0,0,11343.06,0.0256997837216
METROPOLITAN AV,16,0,0,11290.5,0.0255806993976
AVENUE J,20,1,0,1448.8,0.0255047444566
90 ST-ELMHURST,16,0,0,11221.4,0.0254241406687
BRIGHTON BEACH,4,0,0,11219.8,0.0254205155752
CORTELYOU RD,20,1,0,1406.2,0.0254082263401
61 ST WOODSIDE,16,0,0,11185.05,0.025341783074
HALSEY ST,12,0,0,11173.15,0.0253148214405
174-175 STS,20,1,0,1332.0,0.0252401126254
CLASSON AV,20,1,0,1330.8,0.0252373938053
STERLING ST,20,1,0,1249.4,0.0250529671695
LORIMER ST,0,1,0,1248.6,0.0250511546227
GREENPOINT AV,8,0,0,11042.2,0.0250181301881
NOSTRAND AV,0,1,0,1214.2,0.0249732151108
NORWOOD 205 ST,0,1,0,1198.15,0.0249368508909
KINGSTON AV,20,1,0,1184.6,0.0249061508796
EUCLID AV,4,0,0,10991.8,0.0249039397404
HEWES ST,20,1,0,1172.6,0.0248789626778
149/GRAND CONC,0,1,0,1163.4,0.0248581183897
BOTANIC GARDEN,8,1,0,1152.75557288,0.024834001487
175 ST,16,0,0,10876.8,0.0246433861395
MOSHOLU PKWY,0,1,0,1058.39,0.0246201989669
238 ST,20,1,0,1042.6,0.0245844238246
METROPOLITAN AV,8,0,0,10835.567119,0.0245499654819
SOUTH FERRY,20,0,2,5125.75,0.0245165529343
PROSPECT AV,4,0,0,10816.525,0.0245068220674
SUTTER AV-RUTLD,8,0,0,10813.8,0.0245006480799
138/GRAND CONC,20,1,0,996.6,0.0244802023843
DYCKMAN ST,0,1,0,962.1,0.024402036304
SHEEPSHEAD BAY,12,0,0,10724.45,0.0242982092604
INWOOD-207 ST,0,1,0,912.0,0.0242885255614
BAY PKWY,16,0,0,10708.3,0.0242616184721
BOTANIC GARDEN,4,1,0,892.35,0.0242440048809
JAMAICA 179 ST,16,0,0,10700.3,0.0242434930042
PRESIDENT ST,20,1,0,871.6,0.0241969919485
PROSPECT PARK,0,1,0,860.1,0.0241709365884
111 ST,12,0,0,10663.75,0.0241606822728
NEWKIRK AV,0,1,0,822.7,0.0240862000261
155 ST,0,1,0,745.1,0.0239103829876
46 ST BLISS ST,0,1,0,684.5,0.0237730825683
BROOK AV,0,1,0,671.65,0.0237439685355
AVENUE H,20,1,0,668.2,0.0237361519275
BAY RIDGE AV,4,0,0,10441.8,0.0236578138231
MT EDEN AV,0,1,0,600.04,0.0235817229411
CLINTON-WASH AV,0,1,0,587.1,0.0235524049968
BOTANIC GARDEN,20,1,0,574.7,0.0235243105216
MORGAN AV,8,0,0,10371.0,0.0234974034323
PARKSIDE AV,0,1,0,558.35,0.0234872665966
GREENPOINT AV,16,0,0,10336.6,0.0234194639204
ASTORIA BLVD,4,0,0,10331.0,0.0234067760929
WINTHROP ST,0,1,0,475.9,0.0233004609932
BEDFORD-NOSTRAN,0,1,0,462.8,0.0232707805395
BROADWAY JCT,8,0,0,10264.8,0.0232567878461
WOODLAWN,4,0,0,10184.4,0.0230746268939
176 ST,0,1,0,372.8,0.0230668690258
PELHAM BAY PARK,4,0,0,10176.4,0.023056501426
ROCKAWAY BLVD,4,0,0,10151.3,0.0229996327705
HEWES ST,0,1,0,334.0,0.0229789605065
138/GRAND CONC,0,1,0,329.6,0.0229689914992
ASTORIA DITMARS,16,0,0,10137.6,0.0229685929067
238 ST,0,1,0,326.2,0.0229612881753
174-175 STS,0,1,0,320.2,0.0229476940744
FT HAMILTON PKY,12,0,0,10090.0260989,0.0228608055046
PARK PLACE,0,1,0,280.15,0.0228569534508
157 ST,8,0,0,10080.8237808,0.0228399559644
79 ST,20,0,0,10074.0125,0.0228245237581
GRAND-NEWTOWN,16,0,0,10064.0,0.0228018386021
METROPOLITAN AV,4,0,0,10059.05,0.0227906234689
KINGSTON AV,0,1,0,250.6,0.0227900025038
231 ST,0,1,0,230.2,0.0227437825607
STERLING ST,0,1,0,223.2,0.0227279227763
CORTELYOU RD,0,1,0,201.2,0.0226780777396
ROCKAWAY AV,12,0,0,9980.24593259,0.0226120783947
EASTN PKWY-MUSM,0,1,0,171.8,0.0226114666451
CARROLL ST,0,1,0,166.4,0.0225992319543
AVENUE J,0,1,0,160.2,0.0225851847167
30 AV,12,0,0,9964.2,0.0225757233903
BOTANIC GARDEN,0,1,0,124.8,0.0225049795213
PRESIDENT ST,0,1,0,124.2,0.0225036201112
VAN SICLEN AV,8,0,0,9924.85495398,0.0224865799692
AVENUE H,0,1,0,106.8,0.0224641972185
CLASSON AV,0,1,0,102.2,0.0224537750745
CANARSIE-ROCKAW,12,0,0,9902.7,0.0224363838559
157 ST,12,0,0,9898.31549296,0.0224264499507
MONTROSE AV,8,0,0,9897.9,0.0224255085751
30 AV,16,0,0,9885.8,0.022398093805
MYRTLE AV,12,0,0,9878.85,0.0223823473047
157 ST,4,0,0,9875.4,0.0223745306967
ELMHURST AV,12,0,0,9857.0,0.0223328421206
METROPOLITAN AV,12,0,0,9824.6,0.0222594339756
HALSEY ST,16,0,0,9758.3,0.0221092191605
FLUSHING AV,8,0,0,9755.67111001,0.0221032629279
SIMPSON ST,12,0,0,9754.75,0.0221011759841
HUNTS POINT AV,8,0,0,9750.6,0.0220917733977
PELHAM PKWY,16,0,0,9649.5,0.0218627127972
175 ST,12,0,0,9612.4,0.0217786559399
JEFFERSON ST,8,0,0,9595.0,0.0217392330473
CENTRAL PK N110,16,0,0,9574.2,0.0216921068308
71 ST,8,0,0,9545.8,0.0216277614198
67 AV,4,0,0,9501.525,0.0215274482834
18 AV,12,0,0,9492.3,0.0215065473533
169 ST,8,0,0,9473.6,0.0214641790721
FRESH POND RD,4,0,0,9449.95,0.0214105956576
UNION ST,8,0,0,9433.0,0.0213721923225
SUTPHIN-ARCHER,20,0,0,9268.6,0.0209997139575
V.CORTLANDT PK,4,0,0,9266.6,0.0209951825905
4AV-9 ST,16,0,0,9261.8,0.0209843073098
WOODHAVEN BLVD,20,0,0,9208.85,0.0208643393692
SHEEPSHEAD BAY,16,0,0,9186.65,0.0208140411958
MORISN AV/SNDVW,4,0,0,9180.88,0.0208009682021
18 AV,16,0,0,9167.925,0.0207716162725
25 AV,4,0,0,9149.65,0.0207302109068
SIMPSON ST,8,0,0,9096.75,0.0206103562504
169 ST,4,0,0,9074.0,0.0205588119511
FOREST HILLS 71,20,0,0,9052.375,0.0205098165457
NASSAU ST,16,0,0,9013.6,0.0204219646686
111 ST,16,0,0,8979.1,0.0203437985883
CHURCH AV,20,0,0,8943.45,0.020263026972
CASTLE HILL AV,4,0,0,8914.4,0.0201972088668
AVENUE U,12,0,0,8871.85,0.0201008040344
71 ST,4,0,0,8857.0,0.0200671586347
HUNTS POINT AV,12,0,0,8825.5,0.0199957896049
FT HAMILTON PKY,16,0,0,8786.71785714,0.0199079215442
NEW LOTS AV,4,0,0,8764.8,0.0198582626173
ELDER AV,4,0,0,8762.35,0.0198527116927
SIMPSON ST,4,0,0,8737.5,0.0197964094581
191 ST,8,0,0,8657.2,0.0196144750742
KINGSTON-THROOP,8,0,0,8626.4,0.0195446920228
GUN HILL RD,16,0,0,8604.40481386,0.0194948578928
GRANT AV,4,0,0,8601.4,0.0194880499357
50 ST,4,0,0,8557.8,0.0193892661357
NORTHERN BLVD,4,0,0,8555.2,0.0193833753586
GRAND ST,4,0,0,8479.4,0.0192116365504
CENTRAL PK N110,12,0,0,8460.8,0.0191694948375
BROADWAY JCT,4,0,0,8406.6,0.0190466947926
110 ST,4,0,0,8383.4,0.0189941309357
CANARSIE-ROCKAW,16,0,0,8343.4,0.0189035035963
20 AV,4,0,0,8269.9,0.0187369758601
ELMHURST AV,16,0,0,8212.0,0.0186057927863
53 ST,8,0,0,8191.2,0.0185586665697
GRAHAM AV,16,0,0,8173.2,0.018517884267
PARKCHESTER,16,0,0,8100.78151296,0.0183538068968
GRANT AV,8,0,0,8087.0,0.0183225823505
MYRTLE AV,16,0,0,8082.5,0.0183123867748
SIMPSON ST,16,0,0,8035.15,0.0182051066618
EUCLID AV,12,0,0,8032.0,0.0181979697588
BROADWAY JCT,16,0,0,8028.2,0.0181893601615
157 ST,16,0,0,7988.4,0.0180991859588
169 ST,12,0,0,7953.8,0.0180207933102
STEINWAY ST,4,0,0,7946.6,0.0180044803891
BROADWAY JCT,12,0,0,7923.8,0.0179528228056
MORGAN AV,16,0,0,7800.4,0.0176732374635
CONEY IS-STILLW,20,0,0,7792.05,0.0176543190063
CASTLE HILL AV,8,0,0,7733.6,0.0175218898066
20 AV,8,0,0,7717.57192836,0.0174855752694
ASTORIA BLVD,12,0,0,7701.4,0.0174489347983
PARSONS BLVD,4,0,0,7697.6,0.0174403252011
BAY RIDGE AV,12,0,0,7695.0,0.017434434424
ROCKAWAY AV,16,0,0,7680.37304772,0.0174012943798
15 ST-PROSPECT,8,0,0,7584.75478589,0.017184653663
ASTORIA BLVD,16,0,0,7521.4,0.0170411117709
GRAHAM AV,12,0,0,7502.4,0.0169980637847
NORTHERN BLVD,8,0,0,7482.28103448,0.0169524805767
191 ST,12,0,0,7428.6,0.0168308563434
HUNTS POINT AV,16,0,0,7426.33075612,0.016825714955
191 ST,4,0,0,7422.6,0.0168172622425
V.CORTLANDT PK,8,0,0,7409.2,0.0167869020838
AVENUE U,16,0,0,7393.58605475,0.0167515258259
NEW LOTS AV,8,0,0,7377.4,0.0167148533489
JEFFERSON ST,16,0,0,7363.6,0.0166835869168
36 ST,20,0,0,7349.0,0.0166505079379
52 ST,4,0,0,7287.05,0.016510148846
53 ST,4,0,0,7249.2,0.016424392726
190 ST,8,0,0,7245.8,0.0164166894022
8 AV,0,0,0,7210.3,0.0163362576384
9 AV,4,0,0,7199.95,0.0163128078143
FLUSHING AV,4,0,0,7157.45,0.0162165162662
9TH STREET,16,0,0,7100.75754336,0.0160880691034
CRESCENT ST,4,0,0,7076.85,0.0160339021772
ROCKAWAY BLVD,8,0,0,7045.35788501,0.0159625510124
MORISN AV/SNDVW,8,0,0,6991.65268803,0.0158408720344
AVENUE M,12,0,0,6983.8,0.0158230803289
VAN SICLEN AV,12,0,0,6958.85,0.0157665515259
PARSONS BLVD,8,0,0,6951.6,0.0157501253206
67 AV,12,0,0,6921.1,0.0156810219743
SUTTER AV-RUTLD,12,0,0,6916.8,0.0156712795353
52 ST,8,0,0,6868.23633648,0.0155612496449
4AV-9 ST,12,0,0,6864.0,0.0155516514473
25 AV,8,0,0,6854.94750923,0.0155311413684
233 ST,4,0,0,6838.29,0.0154934007248
GATES AV,8,0,0,6800.1,0.0154068742725
METROPOLITAN AV,20,0,0,6790.95,0.0153861432686
9 AV,8,0,0,6784.65,0.0153718694626
MORGAN AV,12,0,0,6780.7,0.0153629200129
FOREST AVE,4,0,0,6773.75,0.0153471735126
5 AV/59 ST,8,0,0,6676.78320245,0.0151274774408
FRESH POND RD,8,0,0,6675.59192547,0.0151247783842
191 ST,16,0,0,6664.8,0.0151003272969
WOODLAWN,8,0,0,6611.6,0.0149797929354
SOUTH FERRY,0,0,2,907.8,0.014960013275
WESTCHESTER SQ,12,0,0,6587.8,0.0149258696684
104 ST,4,0,0,6583.6,0.0149163537978
15 ST-PROSPECT,4,0,0,6505.95,0.0147404234751
45 ST,8,0,0,6503.4,0.0147346459822
ELDER AV,8,0,0,6500.2,0.0147273957951
AVENUE M,8,0,0,6495.66666667,0.0147171246966
BRIARWOOD,8,0,0,6485.0,0.0146929574061
PELHAM BAY PARK,8,0,0,6477.8,0.014676644485
RALPH AV,4,0,0,6420.85,0.0145476138105
GATES AV,4,0,0,6401.55,0.0145038861192
NECK RD,8,0,0,6376.6,0.0144473573162
181 ST,20,0,0,6361.75,0.0144137119165
ALLERTON AV,4,0,0,6350.35,0.0143878831247
EASTCHSTER/DYRE,4,0,0,6320.5,0.0143202524727
174 ST,12,0,0,6314.05,0.0143056388142
169 ST,16,0,0,6301.6,0.0142774310548
GREENPOINT AV,12,0,0,6297.6,0.0142683683208
WAKEFIELD/241,4,0,0,6271.15,0.0142084409926
NORTHERN BLVD,12,0,0,6231.4,0.0141183800741
80 ST,4,0,0,6223.7,0.0141009343112
CENTRAL PK N110,4,0,0,6204.0,0.0140563003466
STEINWAY ST,20,0,0,6195.6,0.0140372686053
GATES AV,12,0,0,6122.45,0.0138715338583
53 ST,16,0,0,6121.4,0.0138691548906
EAST BROADWAY,4,0,0,6108.4,0.0138397010053
174 ST,4,0,0,6095.15,0.0138096806991
85 ST-FOREST PK,4,0,0,6090.6,0.0137993718393
MONTROSE AV,16,0,0,6078.2,0.013771277364
WOODLAWN,16,0,0,6050.6,0.0137087444998
WESTCHESTER SQ,16,0,0,6050.2,0.0137078382264
KEW GARDENS,20,0,0,6042.375,0.0136901092531
UNION ST,16,0,0,6005.4,0.0136063356063
WESTCHESTER SQ,4,0,0,5991.0,0.0135737097641
RALPH AV,8,0,0,5974.55,0.0135364392707
FAR ROCKAWAY,4,0,0,5961.2,0.0135061923962
BRIARWOOD,4,0,0,5958.6,0.0135003016191
225 ST,4,0,0,5958.45,0.0134999617666
BUHRE AV,4,0,0,5941.0,0.0134604255898
BAY RIDGE-95 ST,8,0,0,5940.6,0.0134595193164
BAY RIDGE AV,16,0,0,5925.0,0.013424174654
86 ST,0,0,0,5924.0,0.0134219089705
JACKSON AV,4,0,0,5860.75,0.01327860449
96 ST,0,0,0,5859.1,0.0132748661123
KINGS HWY,20,0,0,5844.49,0.0132417644765
EUCLID AV,16,0,0,5816.0,0.013177215154
174 ST,8,0,0,5798.72681581,0.0131380795859
JACKSON AV,12,0,0,5792.45,0.0131238583079
SMITH-9 ST,16,0,0,5770.6,0.0130743531238
ST LAWRENCE AV,4,0,0,5751.4,0.0130308520008
SUTTER AV-RUTLD,16,0,0,5741.0,0.0130072888926
NEW UTRECHT AV,4,0,0,5730.5,0.012983499216
PARSONS BLVD,12,0,0,5730.4,0.0129832726476
BEVERLY RD,4,0,0,5704.0,0.0129234586036
BEVERLY RD,8,0,0,5697.4,0.0129085050926
NASSAU ST,12,0,0,5696.5,0.0129064659775
EAST BROADWAY,20,0,0,5681.0,0.0128713478834
MONTROSE AV,12,0,0,5660.2,0.0128242216669
WOODLAWN,12,0,0,5651.2,0.0128038305155
45 ST,4,0,0,5627.2,0.0127494541119
167 ST,20,0,0,5619.66666667,0.012732385963
E 149 ST,4,0,0,5600.65,0.0126893002153
75 ST-ELDERTS,4,0,0,5587.4,0.0126592799091
53 ST,12,0,0,5565.6,0.0126098880092
UTICA AV,20,0,0,5563.31,0.012604699594
BAYCHESTER AV,4,0,0,5553.1,0.0125815669656
NECK RD,4,0,0,5525.2,0.0125183543963
JEFFERSON ST,12,0,0,5517.6,0.0125011352018
NASSAU ST,4,0,0,5516.0,0.0124975101083
75 AV,8,0,0,5494.8,0.0124494776184
METS-WILLETS PT,16,0,0,5461.5,0.0123740303583
SUTPHIN BLVD,4,0,0,5454.0,0.0123570377321
BAY RIDGE-95 ST,4,0,0,5434.4,0.0123126303358
ELDER AV,12,0,0,5403.1,0.0122417144427
FREEMAN ST,4,0,0,5398.225,0.0122306692357
ROCKAWAY BLVD,12,0,0,5395.45,0.012224381964
WESTCHESTER SQ,8,0,0,5391.2,0.0122147528092
SUTTER AV,4,0,0,5374.85,0.0121777088842
NORTHERN BLVD,16,0,0,5368.75,0.012163888215
JACKSON AV,8,0,0,5367.86799586,0.0121618898727
KOSCIUSZKO ST,8,0,0,5366.59006589,0.0121589944879
88 ST,4,0,0,5341.4,0.0121019217716
82 ST-JACKSON H,20,0,0,5339.2,0.0120969372679
52 ST,12,0,0,5333.2,0.012083343167
CRESCENT ST,8,0,0,5326.45,0.0120680498035
EAST 105 ST,4,0,0,5325.25,0.0120653309833
NEW UTRECHT AV,8,0,0,5319.34480299,0.012051951676
AVENUE M,16,0,0,5316.0,0.0120443734111
59 ST,0,0,0,5308.53333333,0.0120274563077
KINGSTON-THROOP,16,0,0,5284.8,0.0119736840863
VAN SICLEN AV,16,0,0,5274.35,0.0119500076939
69 ST,4,0,0,5257.625,0.0119121141376
KINGSTON-THROOP,12,0,0,5239.0,0.0118699157827
PELHAM BAY PARK,12,0,0,5228.2,0.011845446401
JAMAICA VAN WK,4,0,0,5217.05,0.0118201840301
67 AV,16,0,0,5214.45,0.0118142932531
GRAHAM AV,4,0,0,5203.0,0.0117883511772
163 ST-AMSTERDM,4,0,0,5198.35,0.011777815749
SMITH-9 ST,8,0,0,5130.2,0.0116234094194
233 ST,8,0,0,5108.25789264,0.0115736955491
LIVONIA AV,4,0,0,5098.67272727,0.0115519785982
BURKE AV,4,0,0,5087.65,0.0115270045871
V.CORTLANDT PK,12,0,0,5066.075,0.0114781224659
50 ST,0,0,0,5040.0,0.011419044769
NEW LOTS AV,12,0,0,5035.4,0.0114086226249
BROADWAY,20,0,0,5032.45,0.0114019388586
CASTLE HILL AV,12,0,0,5026.0,0.0113873252002
ALLERTON AV,8,0,0,5022.97532166,0.0113804722364
69 ST,8,0,0,4997.67687581,0.0113231539654
NEW UTRECHT AV,12,0,0,4995.65,0.0113185617064
MORISN AV/SNDVW,12,0,0,4988.4,0.0113021355011
PELHAM BAY PARK,16,0,0,4984.8,0.0112939790405
KOSCIUSZKO ST,4,0,0,4945.35,0.011204597827
JEFFERSON ST,4,0,0,4939.6,0.011191570147
DELANCEY/ESSEX,0,0,0,4935.95,0.0111833004023
FLUSHING AV,20,0,0,4925.1,0.0111587177364
61 ST WOODSIDE,20,0,0,4906.25,0.0111160096027
9TH STREET,20,0,0,4904.18635178,0.011111334029
RALPH AV,12,0,0,4902.75,0.0111080797105
WAKEFIELD/241,8,0,0,4853.35,0.0109961549463
15 ST-PROSPECT,12,0,0,4838.6934205,0.0109629477762
219 ST,4,0,0,4836.9875,0.0109590827003
SUTPHIN BLVD,8,0,0,4830.91905512,0.0109453335249
FREEMAN ST,12,0,0,4815.25,0.0109098324055
FOREST AVE,8,0,0,4799.6,0.010874374459
163 ST-AMSTERDM,8,0,0,4784.8,0.0108408423434
JUNCTION BLVD,20,0,0,4754.4,0.0107719655654
ST LAWRENCE AV,8,0,0,4735.8,0.0107298238525
GATES AV,16,0,0,4718.4,0.0106904009599
SHEPHERD AV,4,0,0,4712.75,0.0106775998482
CLEVELAND ST,4,0,0,4712.6,0.0106772599957
HOWARD BCH JFK,12,0,0,4709.3579546,0.0106699145469
HOWARD BCH JFK,16,0,0,4698.05005209,0.010644294419
V.CORTLANDT PK,16,0,0,4697.55,0.0106431614592
25 ST,8,0,0,4680.0,0.010603398714
15 ST-PROSPECT,16,0,0,4678.45,0.0105998869046
85 ST-FOREST PK,8,0,0,4674.0,0.0105898046131
4AV-9 ST,4,0,0,4664.8,0.0105689603251
LIVONIA AV,8,0,0,4646.83181818,0.0105282501122
174 ST,16,0,0,4641.1,0.0105152636264
JAMAICA VAN WK,8,0,0,4613.93323133,0.0104537123273
GREENPOINT AV,4,0,0,4613.4,0.0104525041939
170 ST,20,0,0,4610.95,0.0104469532693
FREEMAN ST,8,0,0,4606.57644698,0.0104370441825
65 ST,4,0,0,4590.9,0.0104015263154
25 AV,12,0,0,4582.0,0.0103813617324
KEW GARDENS,0,0,0,4581.575,0.0103803988169
20 AV,12,0,0,4580.8,0.0103786429122
GRANT AV,12,0,0,4561.0,0.0103337823792
METS-WILLETS PT,12,0,0,4558.02013666,0.010327030952
KOSCIUSZKO ST,12,0,0,4545.7,0.0102991174219
PARSONS BLVD,16,0,0,4545.4,0.0102984377168
4 AV-9 ST,16,0,0,4534.4,0.0102735151985
KINGSTON-THROOP,4,0,0,4519.4,0.0102395299462
ALLERTON AV,12,0,0,4517.13504559,0.0102343982764
SUTTER AV,8,0,0,4511.96642412,0.0102226878161
CENTRAL AV,8,0,0,4505.75,0.0102086033666
JAMAICA VAN WK,12,0,0,4503.4,0.0102032790104
80 ST,8,0,0,4484.43717335,0.0101603152472
104 ST,8,0,0,4467.4,0.0101217144049
63 DR-REGO PARK,20,0,0,4463.8,0.0101135579444
9 AV,12,0,0,4455.81666667,0.0100954702379
NEW LOTS AV,16,0,0,4453.4,0.0100899948361
45 ST,16,0,0,4453.0,0.0100890885627
CENTRAL AV,4,0,0,4443.85,0.0100683575588
ROCKAWAY BLVD,16,0,0,4428.7,0.010034032454
KNICKERBOCKER,8,0,0,4418.0,0.0100097896407
FAR ROCKAWAY,16,0,0,4416.8,0.0100070708205
225 ST,8,0,0,4413.9,0.0100005003384
AVENUE N,4,0,0,4390.25,0.00994691692399
NEW UTRECHT AV,16,0,0,4386.15,0.0099376276217
SUTPHIN BLVD,12,0,0,4368.32293578,0.0098972371367
E 149 ST,8,0,0,4349.73790484,0.009855129339
KNICKERBOCKER,4,0,0,4326.35,0.00980213974925
233 ST,12,0,0,4280.0725211,0.00969728962954
52 ST,16,0,0,4276.8,0.00968987513252
CYPRESS AV,12,0,0,4240.07385408,0.0096066653102
E 149 ST,12,0,0,4232.0,0.00958837251235
65 ST,8,0,0,4219.05,0.00955903191121
JACKSON AV,16,0,0,4188.5,0.00948981528071
SMITH-9 ST,12,0,0,4186.6,0.00948551048209
UNION ST,12,0,0,4185.8,0.0094836979353
WAKEFIELD/241,12,0,0,4185.8,0.0094836979353
BRIGHTON BEACH,20,0,0,4150.0,0.00940258646651
BAY 50 ST,4,0,0,4141.6,0.00938355472522
VAN SICLEN AVE,4,0,0,4134.6,0.00936769494082
190 ST,4,0,0,4129.2,0.00935546025
METS-WILLETS PT,0,0,0,4126.9,0.00935024917798
BRIARWOOD,12,0,0,4115.8,0.00932510009129
HALSEY ST,20,0,0,4102.65,0.00929530635345
110 ST,20,0,0,4098.2,0.00928522406194
69 ST,12,0,0,4097.975,0.00928471428315
LIVONIA AV,12,0,0,4068.46363636,0.00921785087392
BAY PKWY,20,0,0,4064.6,0.00920909709681
AVENUE M,4,0,0,4042.53333333,0.00915910101456
MORRIS PARK,4,0,0,4014.3,0.00909513321747
PELHAM PKWY,20,0,0,4011.65,0.00908912915623
EAST 105 ST,8,0,0,4003.35,0.0090703239833
4 AV-9 ST,8,0,0,3964.0,0.00898116933813
FRESH POND RD,12,0,0,3944.75,0.00893755493102
MYRTLE AV,20,0,0,3938.0,0.00892226156749
90 ST-ELMHURST,20,0,0,3934.6,0.00891455824364
BRONX PARK EAST,4,0,0,3933.45,0.00891195270763
45 ST,12,0,0,3928.0,0.00889960473264
CASTLE HILL AV,16,0,0,3916.4,0.0088733228042
FAR ROCKAWAY,12,0,0,3913.8,0.00886743202714
BAYCHESTER AV,8,0,0,3911.40751172,0.00886201140594
MORGAN AV,20,0,0,3905.9,0.0088495331276
MONTROSE AV,4,0,0,3884.6,0.00880127406935
SUTTER AV,12,0,0,3882.94378395,0.00879752160798
163 ST-AMSTERDM,12,0,0,3863.6,0.00875369471614
GUN HILL RD,20,0,0,3859.4,0.0087441788455
AVENUE P,8,0,0,3855.6,0.00873556924826
MORISN AV/SNDVW,16,0,0,3815.62,0.00864498722249
CHAUNCEY ST,8,0,0,3802.35,0.00861492160263
190 ST,12,0,0,3792.1,0.0085916983469
NORWOOD AV,4,0,0,3787.15625,0.00858049737417
7 AV,0,0,0,3774.475,0.00855176567546
PROSPECT AV,20,0,0,3770.95,0.00854377914117
KNICKERBOCKER,12,0,0,3769.6,0.00854072046847
ASTORIA DITMARS,20,0,0,3764.4,0.00852893891434
CANARSIE-ROCKAW,20,0,0,3758.5,0.00851557138177
OCEAN PKWY,8,0,0,3750.4,0.00849721934554
BUHRE AV,8,0,0,3749.25,0.00849461380953
FAR ROCKAWAY,8,0,0,3748.8,0.00849359425196
BAYCHESTER AV,12,0,0,3740.3,0.00847433594233
74 ST-BROADWAY,16,0,0,3729.4,0.00844963999233
WAKEFIELD/241,16,0,0,3725.15,0.00844001083752
SHEEPSHEAD BAY,20,0,0,3722.95,0.00843502633385
JAMAICA VAN WK,16,0,0,3703.15,0.00839016580083
INTERVALE AV,12,0,0,3694.4,0.00837034107033
RALPH AV,16,0,0,3686.55,0.00835255545496
AVENUE P,4,0,0,3684.4,0.00834768423547
20 AV,16,0,0,3678.55,0.00833442998708
30 AV,20,0,0,3677.6,0.00833227758776
71 ST,12,0,0,3677.4,0.00833182445107
75 ST-ELDERTS,8,0,0,3665.4,0.00830463624924
69 ST,16,0,0,3665.35,0.00830452296506
BEACH 67 ST,4,0,0,3657.0,0.00828560450795
25 ST,16,0,0,3647.6,0.00826430708319
JAMAICA 179 ST,20,0,0,3638.6,0.00824391593181
ALLERTON AV,16,0,0,3638.2,0.00824300965842
CHAUNCEY ST,4,0,0,3633.775,0.00823298400899
HOWARD BCH JFK,4,0,0,3620.1,0.00820200078733
BURKE AV,8,0,0,3614.35,0.00818897310728
EASTCHSTER/DYRE,8,0,0,3612.75,0.0081853480137
CYPRESS AV,4,0,0,3604.8,0.00816733582999
HOWARD BCH JFK,8,0,0,3593.71225366,0.00814221450622
BEACH 60 ST,4,0,0,3592.6,0.00813969449146
SHEPHERD AV,8,0,0,3587.5,0.00812813950568
CYPRESS AV,16,0,0,3586.53683274,0.00812595727353
LONGWOOD AV,4,0,0,3579.5,0.0081100140378
CRESCENT ST,12,0,0,3562.275,0.00807098763975
KOSCIUSZKO ST,16,0,0,3558.1,0.0080615284112
ELDER AV,16,0,0,3553.55,0.00805121955134
SENECA AVE,4,0,0,3536.4,0.00801236307955
BROADWAY JCT,20,0,0,3509.6,0.00795164276213
CLEVELAND ST,8,0,0,3504.1,0.00793918150296
PARKCHESTER,20,0,0,3501.85,0.00793408371512
233 ST,16,0,0,3495.8,0.00792037633003
CENTRAL PK N110,20,0,0,3488.6,0.00790406340893
WILSON AV,8,0,0,3478.6,0.00788140657407
225 ST,12,0,0,3476.3,0.00787619550205
ZEREGA AV,4,0,0,3467.85,0.0078570504766
4AV-9 ST,20,0,0,3465.8,0.00785240582545
GREENPOINT AV,20,0,0,3460.8,0.00784107740802
190 ST,16,0,0,3455.8,0.00782974899059
BAY 50 ST,8,0,0,3455.0,0.0078279364438
FREEMAN ST,16,0,0,3443.2,0.00780120137867
219 ST,8,0,0,3435.925,0.00778471853131
AVENUE N,8,0,0,3414.1,0.00773526998923
NASSAU ST,20,0,0,3400.8,0.00770513639887
75 AV,4,0,0,3400.1,0.00770355042043
LONGWOOD AV,12,0,0,3399.5,0.00770219101033
9 AV,16,0,0,3393.28333333,0.00768810601133
JKSN HT-ROOSVLT,0,0,0,3376.6,0.00765030685851
LIVONIA AV,16,0,0,3366.79489744,0.00762809159956
MORGAN AV,4,0,0,3365.9,0.00762606404521
AVENUE X,4,0,0,3358.6,0.00760952455576
ROCKAWAY AV,20,0,0,3355.9685108,0.00760356243415
88 ST,8,0,0,3317.6,0.00751663153284
VAN SICLEN AVE,8,0,0,3316.91837881,0.00751508719497
GRANT AV,16,0,0,3310.0,0.00749941233835
LIBERTY AV,4,0,0,3300.35,0.00747754849271
OCEAN PKWY,12,0,0,3297.5,0.00747109129477
GRAND-NEWTOWN,20,0,0,3296.6,0.00746905217963
E 149 ST,16,0,0,3294.5,0.00746429424431
157 ST,20,0,0,3279.1,0.00742940271863
MIDDLETOWN RD,4,0,0,3271.4,0.00741195695579
INTERVALE AV,4,0,0,3251.8,0.00736754955947
9TH STREET,12,0,0,3246.68356023,0.00735595732637
DITMAS AV,4,0,0,3231.0,0.00732042334296
SIMPSON ST,20,0,0,3229.1,0.00731611854434
JUNIUS ST,8,0,0,3220.6,0.00729686023471
77 ST,0,0,0,3220.2,0.00729595396131
INTERVALE AV,8,0,0,3215.9,0.00728621152232
25 AV,16,0,0,3211.05782396,0.00727524068403
UNION ST,4,0,0,3202.2,0.00725517165857
GRAHAM AV,20,0,0,3183.0,0.00721167053564
CHAUNCEY ST,12,0,0,3177.11151275,0.00719832908732
FT HAMILTON PKY,20,0,0,3152.18350143,0.00714185010373
BEACH 25 ST,4,0,0,3146.8,0.00712965279345
BEVERLY RD,12,0,0,3140.8,0.00711605869253
SUTTER AV,16,0,0,3135.35,0.00710371071753
HUNTS POINT AV,20,0,0,3130.65,0.00709306200515
65 ST,12,0,0,3127.7,0.00708637823887
BAY RIDGE-95 ST,12,0,0,3096.2,0.00701500920906
111 ST,20,0,0,3094.85,0.00701195053635
SENECA AVE,8,0,0,3080.04693851,0.0069784114844
74 ST-BROADWAY,12,0,0,3079.0,0.0069760394531
JEFFERSON ST,20,0,0,3071.4,0.00695882025861
4 AV-9 ST,12,0,0,3064.8,0.0069438667476
ST LAWRENCE AV,12,0,0,3063.8,0.00694160106412
CENTRAL AV,12,0,0,3028.75,0.00686218885794
LONGWOOD AV,8,0,0,3005.94705413,0.00681052460004
CYPRESS AV,8,0,0,2996.83012053,0.00678986851414
EAST 105 ST,12,0,0,2993.0,0.00678119067331
175 ST,20,0,0,2977.8,0.00674675228433
71 ST,16,0,0,2970.2,0.00672953308984
75 ST-ELDERTS,12,0,0,2968.4,0.00672545485956
OCEAN PKWY,4,0,0,2968.2,0.00672500172286
LIBERTY AV,12,0,0,2917.85360676,0.00661093273112
KNICKERBOCKER,16,0,0,2904.5,0.00658067768481
W 8 ST-AQUARIUM,16,0,0,2882.0,0.00652969980638
BUSHWICK AV,8,0,0,2865.6,0.00649254259721
FOREST AVE,12,0,0,2858.2,0.00647577653941
JUNIUS ST,4,0,0,2852.4,0.0064626355752
LONGWOOD AV,16,0,0,2848.0,0.00645266656786
163 ST-AMSTERDM,16,0,0,2842.95,0.00644122486625
SUTPHIN BLVD,16,0,0,2838.5,0.00643114257474
DITMAS AV,8,0,0,2837.31716738,0.00642846265041
W 8 ST-AQUARIUM,12,0,0,2836.0,0.00642547836603
BAY RIDGE-95 ST,16,0,0,2822.6,0.00639511820732
AVENUE X,8,0,0,2812.4,0.00637200823576
NORWOOD AV,8,0,0,2810.03125,0.006366641398
MONTROSE AV,20,0,0,2806.2,0.00635796099815
INTERVALE AV,16,0,0,2803.95,0.0063528632103
80 ST,12,0,0,2798.75,0.00634108165618
ASTORIA BLVD,20,0,0,2789.6,0.00632035065228
121 ST,4,0,0,2773.4,0.00628364657981
25 ST,12,0,0,2730.0,0.00618531591652
BRONX PARK EAST,8,0,0,2726.85,0.00617817901354
18 AV,20,0,0,2690.275,0.00609531164004
AVENUE U,20,0,0,2688.35,0.00609095019933
OCEAN PKWY,16,0,0,2687.2,0.00608834466332
LIBERTY AV,8,0,0,2685.42580645,0.0060843249023
MORRIS PARK,8,0,0,2674.85,0.00606036347227
75 AV,16,0,0,2667.2,0.00604303099361
SHEPHERD AV,12,0,0,2635.35,0.00597086897458
74 ST-BROADWAY,8,0,0,2630.0,0.00595874756793
25 ST,4,0,0,2620.6,0.00593745014316
FRESH POND RD,16,0,0,2618.95,0.00593371176541
225 ST,16,0,0,2614.46405072,0.00592354802421
BAY 50 ST,12,0,0,2612.6,0.00591932467528
CLEVELAND ST,12,0,0,2605.05,0.00590221876496
EAST 105 ST,16,0,0,2604.25,0.00590040621817
UNION ST,20,0,0,2598.4,0.00588715196978
57 ST-7 AV,4,0,0,2595.2,0.00587990178262
VAN SICLEN AVE,12,0,0,2583.306917,0.00585295582086
ZEREGA AV,8,0,0,2581.9,0.00584976819226
CRESCENT ST,16,0,0,2581.375,0.00584857870843
BEACH 60 ST,8,0,0,2552.8,0.00578383680282
WOODLAWN,20,0,0,2541.2,0.00575755487438
BRIARWOOD,16,0,0,2533.4,0.00573988254319
AVENUE N,12,0,0,2519.6,0.00570861611109
219 ST,12,0,0,2517.775,0.00570448123872
FLUSHING-MAIN,0,0,0,2508.8,0.00568414672944
104 ST,12,0,0,2501.6,0.00566783380834
SMITH-9 ST,4,0,0,2500.6,0.00566556812485
AQUEDUCT RACETR,16,0,0,2496.8,0.00565695852761
55 ST,16,0,0,2495.4,0.00565378657073
BURKE AV,12,0,0,2489.4,0.00564019246981
CHAUNCEY ST,16,0,0,2475.125,0.00560784983805
BEACH 67 ST,8,0,0,2474.4,0.00560620721752
EASTCHSTER/DYRE,12,0,0,2474.25,0.005605867365
85 ST-FOREST PK,12,0,0,2472.1,0.00560099614551
57 ST-7 AV,0,0,0,2432.6,0.00551150164781
W 8 ST-AQUARIUM,8,0,0,2409.4,0.00545893779094
WILSON AV,4,0,0,2407.0,0.00545350015057
CONEY IS-STILLW,0,0,0,2405.0,0.0054489687836
SUTPHIN-ARCHER,0,0,0,2400.6,0.00543899977626
BEVERLY RD,16,0,0,2396.0,0.00542857763223
ELMHURST AV,20,0,0,2393.04,0.00542187120911
SUTTER AV-RUTLD,20,0,0,2384.2,0.00540184256709
METS-WILLETS PT,4,0,0,2380.9,0.00539436581159
HOWARD BCH JFK,20,0,0,2380.35,0.00539311968567
ALABAMA AV,16,0,0,2374.3,0.00537941230058
EUCLID AV,20,0,0,2351.6,0.00532798128545
NECK RD,16,0,0,2349.0,0.00532209050839
55 ST,8,0,0,2335.6,0.00529173034968
191 ST,20,0,0,2331.6,0.00528266761574
PELHAM BAY PARK,20,0,0,2327.0,0.0052722454717
121 ST,8,0,0,2322.6,0.00526227646436
JUNIUS ST,12,0,0,2322.0,0.00526091705427
JUNIUS ST,16,0,0,2321.0,0.00525865137079
NECK RD,12,0,0,2317.0,0.00524958863684
DITMAS AV,12,0,0,2288.9,0.00518592293089
FOREST HILLS 71,0,0,0,2263.425,0.00512820464408
55 ST,12,0,0,2262.6,0.00512633545521
BRONX PARK EAST,12,0,0,2251.35,0.00510084651599
VAN SICLEN AV,20,0,0,2241.75,0.00507909595453
LIBERTY AV,16,0,0,2238.6,0.00507195905155
METROPOLITAN AV,0,0,0,2238.4,0.00507150591485
METS-WILLETS PT,8,0,0,2236.025,0.00506612491657
BAYCHESTER AV,16,0,0,2228.05,0.00504805609077
75 AV,12,0,0,2212.2,0.00501214500752
BUSHWICK AV,4,0,0,2203.0,0.00499130071945
ALABAMA AV,12,0,0,2201.80877485,0.0049886017803
65 ST,16,0,0,2196.55,0.00497668706096
ALABAMA AV,4,0,0,2182.1,0.00494394793459
ZEREGA AV,12,0,0,2179.95,0.0049390767151
BUHRE AV,12,0,0,2166.35,0.00490826341969
5 AV/59 ST,0,0,0,2164.5,0.00490407190524
ROCKAWAY BLVD,20,0,0,2155.3,0.00488322761717
WHITLOCK AV,4,0,0,2120.2,0.00480370212682
NORWOOD AV,12,0,0,2113.28125,0.0047880264292
9TH STREET,8,0,0,2104.58396044,0.00476832112388
79 ST,0,0,0,2103.9125,0.00476679980704
AVENUE I,12,0,0,2103.86346154,0.00476668870141
CENTRAL AV,16,0,0,2099.7,0.00475725561535
ALABAMA AV,8,0,0,2096.4,0.00474977885985
CHURCH AV,0,0,0,2092.05,0.00473992313669
121 ST,16,0,0,2091.0,0.00473754416903
ST LAWRENCE AV,16,0,0,2090.4,0.00473618475894
CLEVELAND ST,16,0,0,2086.2,0.0047266688883
WOODHAVEN BLVD,0,0,0,2071.5,0.00469336334105
WILSON AV,12,0,0,2063.0,0.00467410503142
CYPRESS HILLS,4,0,0,2061.4,0.00467047993784
AVENUE X,12,0,0,2049.8,0.00464419800941
AVENUE N,16,0,0,2048.65,0.0046415924734
75 ST-ELDERTS,16,0,0,2046.2,0.00463604154886
LIVONIA AV,20,0,0,2044.52727273,0.0046322516783
MIDDLETOWN RD,8,0,0,2037.25,0.00461576368166
EASTCHSTER/DYRE,16,0,0,2036.55,0.00461417770322
SENECA AVE,12,0,0,2035.25,0.00461123231469
74 ST-BROADWAY,20,0,0,2000.6,0.0045327263819
169 ST,20,0,0,1993.2,0.00451596032411
GATES AV,20,0,0,1987.4,0.00450281935989
219 ST,16,0,0,1974.2375,0.004472997301
UTICA AV,0,0,0,1961.33,0.00444375299141
NEPTUNE AV,4,0,0,1960.5,0.00444187247412
NEW LOTS AV,20,0,0,1951.2,0.0044208016177
NORTHERN BLVD,20,0,0,1916.65,0.00434252225326
FOREST AVE,16,0,0,1914.45,0.00433753774959
SHEPHERD AV,16,0,0,1914.45,0.00433753774959
WAKEFIELD/241,20,0,0,1913.7,0.00433583848698
BEACH 67 ST,12,0,0,1902.0,0.00430932999019
SMITH-9 ST,20,0,0,1899.2,0.00430298607643
BEACH 60 ST,12,0,0,1897.4,0.00429890784616
174 ST,20,0,0,1881.05,0.00426186392116
15 ST-PROSPECT,20,0,0,1878.55,0.00425619971245
AQUEDUCT N.COND,4,0,0,1870.6,0.00423818752873
52 ST,20,0,0,1868.05,0.00423241003585
AVENUE I,16,0,0,1858.5,0.00421077275855
BURKE AV,16,0,0,1853.8,0.00420012404617
WILSON AV,16,0,0,1830.4,0.0041471070526
BAY 50 ST,16,0,0,1818.75,0.00412071183999
AVENUE I,8,0,0,1815.7,0.00411380150536
VAN SICLEN AVE,16,0,0,1811.65,0.00410462548724
121 ST,12,0,0,1807.6,0.00409544946912
104 ST,16,0,0,1804.6,0.00408865241866
PARKCHESTER,0,0,0,1799.55,0.00407721071706
GRAND ST,0,0,0,1794.4,0.00406554244711
MORISN AV/SNDVW,20,0,0,1791.24,0.00405838288729
W 8 ST-AQUARIUM,4,0,0,1789.2,0.00405376089298
85 ST-FOREST PK,16,0,0,1787.6,0.0040501357994
AVENUE I,4,0,0,1774.3,0.00402000220904
RALPH AV,20,0,0,1769.65,0.00400946678083
CYPRESS HILLS,8,0,0,1763.6,0.00399575939574
DITMAS AV,16,0,0,1759.75,0.00398703651432
WHITLOCK AV,8,0,0,1739.8,0.00394183612878
4 AV-9 ST,20,0,0,1735.6,0.00393232025814
ATLANTIC AV,16,0,0,1721.6,0.00390060068933
80 ST,16,0,0,1719.46313925,0.00389575923923
BRONX PARK EAST,16,0,0,1716.35,0.00388870585103
BAY RIDGE AV,20,0,0,1714.8,0.00388519404163
KINGSTON-THROOP,20,0,0,1714.0,0.00388338149484
BEACH 25 ST,8,0,0,1711.2,0.00387703758108
BUSHWICK AV,12,0,0,1693.2,0.00383625527833
ALLERTON AV,20,0,0,1692.2,0.00383398959485
BEACH 25 ST,12,0,0,1682.2,0.00381133275999
CANARSIE-ROCKAW,0,0,0,1679.55,0.00380532869875
JACKSON AV,20,0,0,1672.15,0.00378856264096
NEPTUNE AV,8,0,0,1666.1,0.00377485525587
WESTCHESTER SQ,20,0,0,1664.4,0.00377100359394
V.CORTLANDT PK,20,0,0,1653.625,0.00374659085438
NEPTUNE AV,12,0,0,1653.55,0.00374642092812
233 ST,20,0,0,1652.52,0.00374408727413
5 AV/59 ST,4,0,0,1646.8,0.00373112756459
88 ST,12,0,0,1644.8,0.00372659619762
4 AV-9 ST,4,0,0,1643.2,0.00372297110404
AVENUE P,12,0,0,1641.2,0.00371843973707
BEACH 67 ST,16,0,0,1640.6,0.00371708032698
KOSCIUSZKO ST,20,0,0,1635.9,0.00370643161459
NORWOOD AV,16,0,0,1627.85625,0.00368820702305
53 ST,20,0,0,1624.6,0.0036808293912
MORRIS PARK,12,0,0,1608.45,0.0036442386029
69 ST,20,0,0,1607.675,0.0036424826982
AVENUE P,16,0,0,1603.8,0.00363370317469
BUSHWICK AV,16,0,0,1603.6,0.003633250038
BEACH 36 ST,4,0,0,1598.0,0.00362056221048
ZEREGA AV,16,0,0,1597.9,0.00362033564213
CASTLE HILL AV,20,0,0,1593.6,0.00361059320314
ATLANTIC AV,4,0,0,1590.6,0.00360379615268
AVENUE X,16,0,0,1565.8,0.00354760720223
55 ST,4,0,0,1552.4,0.00351724704352
ATLANTIC AV,8,0,0,1537.0,0.00348235551784
SUTTER AV,20,0,0,1525.6,0.0034565267261
AQUEDUCT RACETR,20,0,0,1512.8,0.00342752597748
74 ST-BROADWAY,4,0,0,1511.0,0.0034234477472
MIDDLETOWN RD,12,0,0,1507.35,0.00341517800248
20 AV,20,0,0,1505.35,0.00341064663551
GRANT AV,20,0,0,1495.4,0.00338810308482
67 AV,20,0,0,1460.475,0.00330897408908
BUHRE AV,16,0,0,1457.8,0.00330291338575
ELDER AV,20,0,0,1453.75,0.00329373736763
FREEMAN ST,20,0,0,1449.2,0.00328342850777
WHITLOCK AV,12,0,0,1449.0,0.00328297537108
JAMAICA VAN WK,20,0,0,1448.65,0.00328218238186
E 149 ST,20,0,0,1439.5,0.00326145137796
CYPRESS AV,20,0,0,1421.55,0.00322078235939
BEACH 60 ST,16,0,0,1414.6,0.00320503585916
NEW UTRECHT AV,20,0,0,1413.5,0.00320254360733
61 ST WOODSIDE,0,0,0,1406.6,0.00318691039127
SENECA AVE,16,0,0,1390.75,0.00315099930802
36 ST,0,0,0,1390.4,0.0031502063188
AQUEDUCT RACETR,12,0,0,1384.0,0.00313570594449
FAR ROCKAWAY,20,0,0,1373.4,0.00311168969954
WHITLOCK AV,16,0,0,1373.0,0.00311078342615
E 143/ST MARY'S,12,0,0,1341.3,0.00303896125964
170 ST,0,0,0,1339.75,0.00303544945024
BEACH 90 ST,4,0,0,1325.05,0.003002143903
PARSONS BLVD,20,0,0,1318.6,0.00298753024451
PELHAM PKWY,0,0,0,1316.3,0.0029823191725
BAY PKWY,0,0,0,1307.4,0.00296215458947
9 AV,20,0,0,1302.0,0.00294991989865
MYRTLE AV,0,0,0,1299.2,0.00294357598489
GUN HILL RD,0,0,0,1273.6,0.00288557448765
9TH STREET,4,0,0,1268.24658214,0.00287344533722
HUNTS POINT AV,0,0,0,1261.2,0.00285748001242
225 ST,20,0,0,1259.1,0.0028527220771
25 AV,20,0,0,1246.0,0.00282304162344
163 ST-AMSTERDM,20,0,0,1230.35,0.00278758367688
AVENUE M,20,0,0,1224.1,0.0027734231551
ATLANTIC AV,12,0,0,1218.6,0.00276096189592
EAST 105 ST,20,0,0,1214.3,0.00275121945693
167 ST,0,0,0,1210.8,0.00274328956473
CHAUNCEY ST,20,0,0,1209.125,0.00273949454489
NEPTUNE AV,16,0,0,1201.8,0.00272289841336
9TH STREET,0,0,0,1191.8800898,0.00270042303664
HOWARD BCH JFK,0,0,0,1180.2,0.00267395965007
45 ST,20,0,0,1177.2,0.00266716259961
111 ST,0,0,0,1166.55,0.00264303307048
ALABAMA AV,20,0,0,1159.9,0.0026279662753
KINGS HWY,0,0,0,1137.0,0.00257608212347
LIVONIA AV,0,0,0,1133.73181818,0.0025686774579
HALSEY ST,0,0,0,1132.95,0.00256690610536
FLUSHING AV,0,0,0,1132.75,0.00256645296866
LONGWOOD AV,20,0,0,1131.85,0.00256441385352
CRESCENT ST,20,0,0,1130.1,0.00256044890742
INTERVALE AV,20,0,0,1077.55,0.00244138724024
BEVERLY RD,20,0,0,1063.8,0.00241023409231
CYPRESS HILLS,12,0,0,1059.8,0.00240117135836
PROSPECT AV,0,0,0,1052.625,0.00238491507935
E 143/ST MARY'S,16,0,0,1040.8,0.00235812337213
JUNCTION BLVD,0,0,0,1034.8,0.00234452927121
SHEEPSHEAD BAY,0,0,0,1029.93333333,0.00233350294492
ROCKAWAY AV,0,0,0,1027.23788909,0.00232739592141
88 ST,16,0,0,1020.8,0.00231280970241
25 ST,20,0,0,1011.8,0.00229241855104
KNICKERBOCKER,20,0,0,1010.35,0.00228913330998
MIDDLETOWN RD,16,0,0,1009.0,0.00228607463728
FRESH POND RD,20,0,0,1004.6,0.00227610562994
BEACH 44 ST,4,0,0,1004.0,0.00227474621985
BROADWAY JCT,0,0,0,998.4,0.00226205839233
ST LAWRENCE AV,20,0,0,983.0,0.00222716686664
MORRIS PARK,16,0,0,982.7,0.0022264871616
219 ST,20,0,0,981.3875,0.00222351345202
BROADWAY,0,0,0,978.15,0.00221617830174
BEACH 25 ST,16,0,0,976.2,0.00221176021894
AQUEDUCT N.COND,8,0,0,954.7,0.00216304802399
181 ST,0,0,0,953.85,0.00216112219303
ROCKAWAY BLVD,0,0,0,949.05,0.0021502469123
STEINWAY ST,0,0,0,947.6,0.00214696167124
SUTPHIN BLVD,20,0,0,936.65,0.00212215243707
WAKEFIELD/241,0,0,0,919.25,0.00208272954442
157 ST,0,0,0,912.2,0.00206675647584
71 ST,20,0,0,906.8,0.00205452178502
SIMPSON ST,0,0,0,901.7,0.00204296679924
NORWOOD AV,20,0,0,897.70625,0.00203391822582
EAST BROADWAY,0,0,0,897.7,0.0020339040653
CYPRESS HILLS,16,0,0,893.8,0.0020250678997
ROCKAWAY PARK B,4,0,0,888.95,0.0020140793348
BURKE AV,20,0,0,884.9,0.00200490331668
CENTRAL AV,20,0,0,884.625,0.00200428025372
ELDER AV,0,0,0,875.75,0.00198417231278
BEACH 36 ST,8,0,0,873.0,0.0019779416832
CLEVELAND ST,20,0,0,866.0,0.00196208189879
LIBERTY AV,20,0,0,864.5,0.00195868337356
82 ST-JACKSON H,0,0,0,862.0,0.00195301916485
90 ST-ELMHURST,0,0,0,856.2,0.00193987820063
SHEPHERD AV,20,0,0,855.8,0.00193897192724
VAN SICLEN AVE,20,0,0,837.6,0.00189773648779
BEACH 90 ST,8,0,0,833.362075618,0.00188813469251
EASTCHSTER/DYRE,20,0,0,830.7,0.00188210327174
190 ST,20,0,0,824.2,0.00186737632908
AQUEDUCT RACETR,4,0,0,822.8,0.0018642043722
65 ST,20,0,0,815.064075044,0.00184667721478
WILSON AV,20,0,0,814.4,0.00184517263092
BEACH 90 ST,16,0,0,813.65,0.00184347336831
OCEAN PKWY,20,0,0,809.2,0.00183339107679
AVENUE U,0,0,0,788.2,0.00178581172359
BEACH 90 ST,12,0,0,786.0,0.00178082721992
JAMAICA 179 ST,0,0,0,785.4,0.00177946780983
75 ST-ELDERTS,20,0,0,783.0,0.00177403016946
BRONX PARK EAST,20,0,0,776.25,0.00175873680593
E 143/ST MARY'S,4,0,0,769.35,0.00174310358988
AVENUE N,20,0,0,763.4,0.00172962277314
BAY RIDGE-95 ST,20,0,0,761.6,0.00172554454287
ALLERTON AV,0,0,0,753.3,0.00170673936993
JUNIUS ST,20,0,0,752.6,0.00170515339149
BRIARWOOD,20,0,0,745.2,0.0016883873337
RALPH AV,0,0,0,743.35,0.00168419581925
121 ST,20,0,0,734.4,0.00166391795205
75 AV,20,0,0,720.4,0.00163219838325
BEACH 98 ST,12,0,0,718.528161098,0.00162795738876
233 ST,0,0,0,716.33,0.00162297705146
BAYCHESTER AV,20,0,0,714.35,0.00161849099816
174 ST,0,0,0,710.25,0.00160920169586
85 ST-FOREST PK,20,0,0,709.4,0.0016072758649
ROCKAWAY PARK B,12,0,0,698.181846624,0.00158185908005
BEACH 36 ST,12,0,0,698.0,0.00158144707316
ROCKAWAY PARK B,16,0,0,694.917367955,0.00157446280464
MORGAN AV,0,0,0,694.0,0.00157238433922
E 143/ST MARY'S,8,0,0,692.120425351,0.00156812581798
BEACH 98 ST,4,0,0,687.55,0.00155777068073
NECK RD,20,0,0,686.2,0.00155471200803
AVENUE I,20,0,0,683.4,0.00154836809427
BEACH 67 ST,20,0,0,677.8,0.00153568026675
104 ST,20,0,0,676.0,0.00153160203647
JEFFERSON ST,0,0,0,675.2,0.00152978948968
FOREST AVE,20,0,0,674.6,0.00152843007959
VAN SICLEN AV,0,0,0,663.55,0.00150339427707
NEW LOTS AV,0,0,0,656.2,0.00148674150345
W 8 ST-AQUARIUM,20,0,0,650.4,0.00147360053923
GATES AV,0,0,0,650.3,0.00147337397088
NORWOOD AV,0,0,0,649.83125,0.00147231193175
BEACH 44 ST,8,0,0,648.8,0.00146997544566
FT HAMILTON PKY,0,0,0,647.107142857,0.00146613996718
80 ST,20,0,0,644.7,0.00146068614336
CRESCENT ST,0,0,0,632.8,0.00143372450988
110 ST,0,0,0,626.8,0.00142013040897
BUSHWICK AV,20,0,0,624.4,0.0014146927686
BAY 50 ST,20,0,0,623.6,0.00141288022181
ROCKAWAY PARK B,8,0,0,622.498004664,0.00141038344918
DITMAS AV,20,0,0,620.7,0.0014063097397
MORISN AV/SNDVW,0,0,0,613.36,0.00138967962291
ASTORIA DITMARS,0,0,0,612.2,0.00138705143007
BUHRE AV,20,0,0,608.8,0.00137934810622
KOSCIUSZKO ST,0,0,0,607.5,0.00137640271769
FREEMAN ST,0,0,0,605.375,0.00137158814028
CENTRAL PK N110,0,0,0,604.0,0.00136847282549
BEACH 60 ST,20,0,0,599.6,0.00135850381815
SUTTER AV,0,0,0,598.65,0.00135635141884
225 ST,0,0,0,598.55,0.00135612485049
30 AV,0,0,0,596.8,0.00135215990439
AVENUE X,20,0,0,594.6,0.00134717540072
55 ST,20,0,0,582.4,0.00131953406219
BEACH 44 ST,12,0,0,575.8,0.00130458055118
ZEREGA AV,20,0,0,575.4,0.00130367427779
AQUEDUCT N.COND,16,0,0,571.65,0.00129517796472
AQUEDUCT N.COND,12,0,0,566.65,0.00128384954729
E 149 ST,0,0,0,566.35,0.00128316984224
CHAUNCEY ST,0,0,0,564.225,0.00127835526483
80 ST,0,0,0,563.15,0.00127591965509
52 ST,0,0,0,560.3,0.00126946245715
BROAD CHANNEL,4,0,0,559.05,0.0012666303528
BEACH 36 ST,16,0,0,558.4,0.00126515765853
GREENPOINT AV,0,0,0,555.8,0.00125926688147
JACKSON AV,0,0,0,555.35,0.0012582473239
MONTROSE AV,0,0,0,548.2,0.00124204768697
AQUEDUCT RACETR,0,0,0,547.2,0.00123978200349
BEACH 98 ST,16,0,0,542.4,0.00122890672275
ASTORIA BLVD,0,0,0,540.2,0.00122392221909
25 AV,0,0,0,534.85,0.00121180081244
69 ST,0,0,0,533.4,0.00120851557138
JAMAICA VAN WK,0,0,0,521.05,0.00118053438033
SENECA AVE,20,0,0,518.15,0.00117396389822
WHITLOCK AV,20,0,0,513.6,0.00116365503836
219 ST,0,0,0,513.0875,0.00116249387557
EUCLID AV,0,0,0,512.6,0.00116138935487
NASSAU ST,0,0,0,510.4,0.00115640485121
WOODLAWN,0,0,0,510.0,0.00115549857781
163 ST-AMSTERDM,0,0,0,501.5,0.00113624026818
GRAHAM AV,0,0,0,499.8,0.00113238860626
SUTTER AV-RUTLD,0,0,0,478.8,0.00108480925305
BURKE AV,0,0,0,475.25,0.00107676607668
NORTHERN BLVD,0,0,0,471.3,0.00106781662691
AVENUE P,20,0,0,468.404555239,0.00106125646553
AQUEDUCT RACETR,8,0,0,462.2,0.00104719890719
9 AV,0,0,0,456.7,0.00103473764801
ATLANTIC AV,20,0,0,456.4,0.00103405794297
BEACH 25 ST,20,0,0,447.4,0.00101366679159
BEACH 44 ST,16,0,0,447.2,0.0010132136549
GRAND-NEWTOWN,0,0,0,446.2,0.00101094797141
CYPRESS AV,0,0,0,443.75,0.00100539704687
EAST 105 ST,0,0,0,441.75,0.0010008656799
BEACH 98 ST,8,0,0,439.5,0.000995767892055
ST LAWRENCE AV,0,0,0,439.4,0.000995541323707
18 AV,0,0,0,438.05,0.000992482651001
KINGSTON-THROOP,0,0,0,435.6,0.00098693172646
88 ST,20,0,0,430.65,0.000975716593205
SHEPHERD AV,0,0,0,426.7,0.000966767143436
PELHAM BAY PARK,0,0,0,424.6,0.000962009208115
LONGWOOD AV,0,0,0,421.65,0.000955325441832
4AV-9 ST,0,0,0,416.4,0.000943430603531
FAR ROCKAWAY,0,0,0,410.0,0.000928930229221
MIDDLETOWN RD,20,0,0,406.2,0.000920320631975
NEPTUNE AV,20,0,0,397.4,0.000900382617299
SUTPHIN BLVD,0,0,0,396.55,0.000898456786336
CLEVELAND ST,0,0,0,393.45,0.000891433167529
ALABAMA AV,0,0,0,390.05,0.000883729843677
CASTLE HILL AV,0,0,0,389.4,0.000882257149411
BEACH 105 ST,4,0,0,389.05,0.000881464160191
GRANT AV,0,0,0,388.2,0.000879538329228
FRESH POND RD,0,0,0,381.05,0.000863338692304
VAN SICLEN AVE,0,0,0,375.05,0.000849744591389
AQUEDUCT N.COND,20,0,0,368.2,0.00083422465951
BRIGHTON BEACH,0,0,0,365.4,0.00082788074575
175 ST,0,0,0,363.4,0.000823349378778
INTERVALE AV,0,0,0,357.3,0.000809528709514
UNION ST,0,0,0,353.6,0.000801145680616
ELMHURST AV,0,0,0,350.08,0.000793170474746
63 DR-REGO PARK,0,0,0,347.6,0.000787551579701
BEACH 105 ST,12,0,0,342.15,0.000775203604702
E 143/ST MARY'S,20,0,0,339.7,0.000769652680162
PARSONS BLVD,0,0,0,338.6,0.000767160428327
BUHRE AV,0,0,0,335.8,0.000760816514567
NEW UTRECHT AV,0,0,0,335.65,0.000760476662044
169 ST,0,0,0,333.4,0.000755378874201
74 ST-BROADWAY,0,0,0,332.8,0.000754019464109
BRONX PARK EAST,0,0,0,322.25,0.000730116503333
CYPRESS HILLS,20,0,0,317.4,0.000719127938426
88 ST,0,0,0,309.3,0.00070077590219
BROAD CHANNEL,8,0,0,306.256282102,0.000693879800813
MORRIS PARK,20,0,0,297.6,0.000674267405405
LIBERTY AV,0,0,0,292.7,0.000663165556324
BEACH 90 ST,20,0,0,290.6,0.000658407621004
15 ST-PROSPECT,0,0,0,271.05,0.000614113508855
BEACH 60 ST,0,0,0,270.4,0.000612640814589
WESTCHESTER SQ,0,0,0,269.2,0.000609921994406
EASTCHSTER/DYRE,0,0,0,267.7,0.000606523469177
BAYCHESTER AV,0,0,0,263.1,0.000596101325142
AQUEDUCT N.COND,0,0,0,259.75,0.000588511285464
ZEREGA AV,0,0,0,259.65,0.000588284717115
CENTRAL AV,0,0,0,257.775,0.000584036560579
FOREST AVE,0,0,0,257.35,0.000583073645098
53 ST,0,0,0,257.2,0.000582733792575
BAY RIDGE AV,0,0,0,257.0,0.000582280655878
BEACH 36 ST,20,0,0,253.2,0.000573671058631
4 AV-9 ST,0,0,0,250.8,0.000568233418265
75 AV,0,0,0,245.8,0.000556905000835
121 ST,0,0,0,245.8,0.000556905000835
KNICKERBOCKER,0,0,0,242.1,0.000548521971938
ROCKAWAY PARK B,20,0,0,239.85,0.000543424184094
MIDDLETOWN RD,0,0,0,237.25,0.000537533407031
65 ST,0,0,0,229.15,0.000519181370795
AVENUE N,0,0,0,227.0,0.0005143101513
BEACH 105 ST,16,0,0,226.8,0.000513857014603
67 AV,0,0,0,223.5,0.0005063802591
BAY 50 ST,0,0,0,220.05,0.000498563651073
191 ST,0,0,0,219.6,0.000497544093505
BEACH 105 ST,8,0,0,217.654030278,0.000493135142041
20 AV,0,0,0,207.5,0.000470129323325
BEACH 67 ST,0,0,0,207.2,0.00046944961828
DITMAS AV,0,0,0,204.2,0.000462652567822
75 ST-ELDERTS,0,0,0,199.0,0.000450871013695
BROAD CHANNEL,12,0,0,197.368991378,0.000447175664394
BEVERLY RD,0,0,0,196.8,0.000445886510026
104 ST,0,0,0,196.6,0.000445433373329
25 ST,0,0,0,194.8,0.000441355143054
85 ST-FOREST PK,0,0,0,187.8,0.000425495358653
SENECA AVE,0,0,0,184.25,0.000417452182278
190 ST,0,0,0,174.0,0.000394228926547
JUNIUS ST,0,0,0,166.4,0.000377009732055
BEACH 98 ST,20,0,0,161.3,0.000365454746276
WILSON AV,0,0,0,156.6,0.000354806033893
BEACH 44 ST,20,0,0,156.6,0.000354806033893
45 ST,0,0,0,156.0,0.000353446623801
AVENUE I,0,0,0,147.85,0.000334981303391
71 ST,0,0,0,146.0,0.000330789788942
BEACH 25 ST,0,0,0,142.6,0.00032308646509
BEACH 90 ST,0,0,0,141.65,0.000320934065778
BROAD CHANNEL,16,0,0,132.375,0.000299919851447
BAY RIDGE-95 ST,0,0,0,131.2,0.000297257673351
NEPTUNE AV,0,0,0,130.9,0.000296577968305
SMITH-9 ST,0,0,0,127.4,0.000288648076104
WHITLOCK AV,0,0,0,126.2,0.000285929255921
AVENUE M,0,0,0,125.4,0.000284116709132
V.CORTLANDT PK,0,0,0,121.8,0.000275960248583
BUSHWICK AV,0,0,0,118.4,0.000268256924731
NECK RD,0,0,0,117.0,0.000265084967851
BRIARWOOD,0,0,0,116.0,0.000262819284365
AVENUE X,0,0,0,115.4,0.000261459874273
OCEAN PKWY,0,0,0,111.0,0.000251490866935
E 143/ST MARY'S,0,0,0,110.15,0.000249565035972
ATLANTIC AV,0,0,0,109.0,0.000246959499964
55 ST,0,0,0,104.2,0.000236084219231
AVENUE P,0,0,0,101.4,0.000229740305471
ROCKAWAY PARK B,0,0,0,91.85,0.00020810302818
W 8 ST-AQUARIUM,0,0,0,74.6,0.000169019988049
BEACH 36 ST,0,0,0,73.8,0.00016720744126
CYPRESS HILLS,0,0,0,68.4,0.000154972750436
BEACH 98 ST,0,0,0,67.25,0.000152367214427
MORRIS PARK,0,0,0,65.6,0.000148628836675
BROAD CHANNEL,0,0,0,64.15,0.000145343595621
BROAD CHANNEL,20,0,0,58.5,0.000132542483925
BEACH 105 ST,20,0,0,51.5,0.000116682699524
BEACH 44 ST,0,0,0,51.4,0.000116456131176
BEACH 105 ST,0,0,0,27.45,6.21930116881e-05
